:020000040800F2
:1000000000000220B9D90008F9BC000801BD0008B1
:1000100009BD000811BD000819BD0008000000005E
:10002000000000000000000000000000ED96000845
:1000300021BD000800000000A9960008D99500081D
:1000400009DA000809DA000809DA000809DA000804
:1000500009DA000809DA000809DA000809DA0008F4
:1000600009DA00082FBD000809DA000809DA0008DB
:1000700009DA000809DA000809DA000809DA0008D4
:1000800059A4000809DA000809DA000809DA0008AA
:1000900009DA000809DA000809DA000809DA0008B4
:1000A00009DA000809DA000809DA000809DA0008A4
:1000B00049BD000809DA000809DA000809DA000871
:1000C00009DA000809DA000809DA000809DA000884
:1000D00009DA000809DA000845A4000809DA00086E
:1000E00009DA000809DA000809DA000809DA000864
:1000F00009DA000809DA000809DA000809DA000854
:1001000009DA000809DA000859BD000809DA000810
:1001100009DA000809DA000809DA000809DA000833
:1001200009DA000809DA000809DA000809DA000823
:1001300009DA0008000000000000000009DA0008E9
:1001400009DA000809DA000809DA000809DA000803
:1001500009DA000809DA000809DA000809DA0008F3
:1001600009DA000809DA000809DA000809DA0008E3
:1001700009DA000809DA000809DA000800000000BE
:100180000000000009DA0008000000000000000084
:1001900009DA0008000000000000000009DA000889
:1001A00000000000000000000000000009DA000864
:1001B00009DA000809DA000809DA000809DA000893
:0401C00009DA000850
:1001C80081F0004102E000BF83F0004330B54FEA00
:1001D80041044FEA430594EA050F08BF90EA020F6D
:1001E8001FBF54EA000C55EA020C7FEA645C7FEA00
:1001F800655C00F0E2804FEA5454D4EB5555B8BF23
:100208006D420CDD2C4480EA020281EA030382EA93
:10021800000083EA010180EA020281EA0303362D25
:1002280088BF30BD11F0004F4FEA01314FF4801CF8
:100238004CEA113102D0404261EB410113F0004F0A
:100248004FEA03334CEA133302D0524263EB4303C1
:1002580094EA050F00F0A780A4F10104D5F1200E5F
:100268000DDB02FA0EFC22FA05F2801841F10001BA
:1002780003FA0EF2801843FA05F359410EE0A5F18E
:1002880020050EF1200E012A03FA0EFC28BF4CF0BF
:10029800020C43FA05F3C01851EBE37101F0004575
:1002A80007D54FF0000EDCF1000C7EEB00006EEB82
:1002B8000101B1F5801F1BD3B1F5001F0CD349080C
:1002C8005FEA30004FEA3C0C04F101044FEA445263
:1002D80012F5800F80F09A80BCF1004F08BF5FEAEA
:1002E800500C50F1000041EB045141EA050130BDCA
:1002F8005FEA4C0C404141EB0101013C28BFB1F5DC
:10030800801FE9D291F0000F04BF01460020B1FA26
:1003180081F308BF2033A3F10B03B3F120020CDAF9
:100328000C3208DD02F1140CC2F10C0201FA0CF0D7
:1003380021FA02F10CE002F11402D8BFC2F1200C3C
:1003480001FA02F120FA0CFCDCBF41EA0C019040F2
:10035800E41AA2BF01EB0451294330BD6FEA04043B
:100368001F3C1CDA0C340EDC04F11404C4F1200226
:1003780020FA04F001FA02F340EA030021FA04F338
:1003880045EA030130BDC4F10C04C4F1200220FA8F
:1003980002F001FA04F340EA0300294630BD21FACD
:1003A80004F0294630BD94F0000F83F4801306BF93
:1003B80081F480110134013D4EE77FEA645C18BF87
:1003C8007FEA655C29D094EA050F08BF90EA020F1E
:1003D80005D054EA000C04BF1946104630BD91EA16
:1003E800030F1EBF0021002030BD5FEA545C05D119
:1003F8004000494128BF41F0004130BD14F5800458
:100408003CBF01F5801130BD01F0004545F0FE41CB
:1004180041F470014FF0000030BD7FEA645C1ABF00
:10042800194610467FEA655C1CBF0B46024650EA37
:10043800013406BF52EA033591EA030F41F4002163
:1004480030BD00BF90F0000F04BF0021704730B5E9
:100458004FF4806404F132044FF000054FF00001BE
:1004680050E700BF90F0000F04BF0021704730B57F
:100478004FF4806404F1320410F0004548BF404254
:100488004FF000013EE700BF42004FEAE2014FEAA9
:1004980031014FEA02701FBF12F07F4393F07F4F84
:1004A80081F06051704732F07F4208BF704793F087
:1004B8007F4F04BF41F40021704730B54FF460749A
:1004C80001F0004521F000411CE700BF50EA01029D
:1004D80008BF704730B54FF000050AE050EA010246
:1004E80008BF704730B511F0004502D5404261EBB6
:1004F80041014FF4806404F132045FEA915C3FF4F7
:10050800D8AE4FF003025FEADC0C18BF03325FEA93
:10051800DC0C18BF033202EBDC02C2F1200300FA44
:1005280003FC20FA02F001FA03FE40EA0E0021FA69
:1005380002F11444BDE600BF70B54FF0FF0C4CF457
:10054800E06C1CEA11541DBF1CEA135594EA0C0F09
:1005580095EA0C0F00F0DEF82C4481EA030621EA44
:100568004C5123EA4C5350EA013518BF52EA03357F
:1005780041F4801143F4801338D0A0FB02CE4FF031
:100588000005E1FB02E506F00042E0FB03E54FF061
:100598000006E1FB03569CF0000F18BF4EF0010E59
:1005A800A4F1FF04B6F5007F64F5407404D25FEA55
:1005B8004E0E6D4146EB060642EAC62141EA555108
:1005C8004FEAC52040EA5E504FEACE2EB4F1FD0C4A
:1005D80088BFBCF5E06F1ED8BEF1004F08BF5FEAC8
:1005E800500E50F1000041EB045170BD06F000467A
:1005F80046EA010140EA020081EA0301B4EB5C0427
:10060800C2BFD4EB0C0541EA045170BD41F480111E
:100618004FF0000E013C00F3AB8014F1360FDEBF43
:10062800002001F0004170BDC4F10004203C35DA1F
:100638000C341BDC04F11404C4F1200500FA05F3A2
:1006480020FA04F001FA05F240EA020001F0004243
:1006580021F0004110EBD37021FA04F642EB0601B9
:100668005EEA430E08BF20EAD37070BDC4F10C04E3
:10067800C4F1200500FA04F320FA05F001FA04F2A7
:1006880040EA020001F0004110EBD37041F1000193
:100698005EEA430E08BF20EAD37070BDC4F120059E
:1006A80000FA05F24EEA020E20FA04F301FA05F206
:1006B80043EA020321FA04F001F0004121FA04F2AE
:1006C80020EA020000EBD3705EEA430E08BF20EA7E
:1006D800D37070BD94F0000F0FD101F000464000B8
:1006E80041EB010111F4801F08BF013CF7D041EA3A
:1006F800060195F0000F18BF704703F0004652003E
:1007080043EB030313F4801F08BF013DF7D043EA0E
:100718000603704794EA0C0F0CEA135518BF95EAC4
:100728000C0F0CD050EA410618BF52EA4306D1D14B
:1007380081EA030101F000414FF0000070BD50EA6A
:10074800410606BF1046194652EA430619D094EAF4
:100758000C0F02D150EA013613D195EA0C0F05D1DE
:1007680052EA03361CBF104619460AD181EA030132
:1007780001F0004141F0FE4141F470014FF00000EA
:1007880070BD41F0FE4141F4780170BD70B54FF085
:10079800FF0C4CF4E06C1CEA11541DBF1CEA135505
:1007A80094EA0C0F95EA0C0F00F0A7F8A4EB0504E7
:1007B80081EA030E52EA03354FEA013100F08880DE
:1007C8004FEA03334FF0805545EA131343EA1263A7
:1007D8004FEA022245EA111545EA10654FEA00265C
:1007E8000EF000419D4208BF964244F1FD0404F515
:1007F800407402D25B084FEA3202B61A65EB030571
:100808005B084FEA32024FF480104FF4002CB6EB2D
:10081800020E75EB030E22BFB61A754640EA0C00AD
:100828005B084FEA3202B6EB020E75EB030E22BFED
:10083800B61A754640EA5C005B084FEA3202B6EB2E
:10084800020E75EB030E22BFB61A754640EA9C00ED
:100858005B084FEA3202B6EB020E75EB030E22BFBD
:10086800B61A754640EADC0055EA060E18D04FEA7B
:10087800051545EA16754FEA06164FEAC30343EA1B
:1008880052734FEAC2025FEA1C1CC0D111F4801FE8
:100898000BD141EA00014FF000004FF0004CB6E7E1
:1008A80011F4801F04BF01430020B4F1FD0C88BF80
:1008B800BCF5E06F3FF6AFAEB5EB030C04BFB6EB8B
:1008C800020C5FEA500C50F1000041EB045170BD7E
:1008D8000EF0004E4EEA113114EB5C04C2BFD4EBAB
:1008E8000C0541EA045170BD41F480114FF0000E2F
:1008F800013C90E645EA060E8DE60CEA135594EAAB
:100908000C0F08BF95EA0C0F3FF43BAF94EA0C0FAD
:100918000AD150EA01347FF434AF95EA0C0F7FF422
:1009280025AF104619462CE795EA0C0F06D152EA76
:1009380003353FF4FDAE1046194622E750EA41065A
:1009480018BF52EA43067FF4C5AE50EA41047FF46B
:100958000DAF52EA43057FF4EBAE12E74FF0FF3CD0
:1009680006E000BF4FF0010C02E000BF4FF0010CA1
:100978004DF804CD4FEA410C7FEA6C5C4FEA430C1A
:1009880018BF7FEA6C5C1BD001B050EA410C0CBF69
:1009980052EA430C91EA030F02BF90EA020F0020CB
:1009A800704710F1000F91EA030F58BF994208BF32
:1009B80090422CBFD8176FEAE37040F001007047EF
:1009C8004FEA410C7FEA6C5C02D150EA013C07D146
:1009D8004FEA430C7FEA6C5CD6D152EA033CD3D091
:1009E8005DF8040B704700BF8446104662468C468B
:1009F8001946634600E000BF01B5FFF7B7FF0028BE
:100A080048BF10F1000F01BD4DF808EDFFF7F4FFE6
:100A18000CBF012000205DF808FB00BF4DF808ED71
:100A2800FFF7EAFF34BF012000205DF808FB00BF94
:100A38004DF808EDFFF7E0FF94BF012000205DF8B6
:100A480008FB00BF4DF808EDFFF7CEFF94BF01206B
:100A580000205DF808FB00BF4DF808EDFFF7C4FF64
:100A680034BF012000205DF808FB00BF4FEA410CAD
:100A78007FEA6C5C02D150EA013C0AD14FEA430C90
:100A88007FEA6C5C02D152EA033C02D14FF00000CD
:100A980070474FF0010070474FEA410212F500120B
:100AA80015D211D56FF47873B3EB625212D94FEAAD
:100AB800C12343F0004343EA505311F0004F23FA97
:100AC80002F018BF404270474FF00000704750EAEC
:100AD800013005D111F0004008BF6FF000407047A9
:100AE8004FF00000704700BF4A0011D212F5001203
:100AF80011D20DD56FF47873B3EB62520ED44FEA6E
:100B0800C12343F0004343EA505323FA02F07047ED
:100B18004FF00000704750EA013002D14FF0FF302B
:100B280070474FF0000070474FEA4102B2F1E043CE
:100B380024BFB3F5001CDCF1FE5C0DD901F0004CBC
:100B48004FEAC0024CEA5070B2F1004F40EB83000C
:100B580008BF20F00100704711F0804F21D113F138
:100B68003872BCBF01F00040704741F480114FEA71
:100B78005252C2F11802C2F1200C10FA0CF320FAFA
:100B880002F018BF40F001004FEAC1234FEAD32317
:100B980003FA0CFC40EA0C0023FA02F34FEA430381
:100BA800CCE77FEA625307D150EA01331EBF4FF00A
:100BB800FE4040F44000704701F0004040F0FE4025
:100BC80040F40000704700BF53B94AB9002908BF74
:100BD80000281CBF4FF0FF314FF0FF3000F00CB879
:100BE800ADF1080C6DE904CE0EF08CFADDF804E0E6
:100BF800DDE9022304B07047704700BF0348044B87
:100C0800834202D0034B03B1184770479801002074
:100C180098010020000000000548064B1B1AD90F58
:100C280001EBA301491002D0034B03B118477047E9
:100C380098010020980100200000000010B5064C23
:100C4800237843B9FFF7DAFF044B13B10448AFF335
:100C580000800123237010BD9801002000000000CF
:100C680048F4000808B5054B1BB105490548AFF322
:100C78000080BDE80840FFF7CFBF00BF00000000BC
:100C88009C01002048F4000880B483B000AF78606D
:100C98007B681B6843F001027B681A6000BF0C3751
:100CA800BD465DF8047B704780B483B000AF7860C0
:100CB8007B681B6823F001027B681A6000BF0C3751
:100CC800BD465DF8047B704780B483B000AF7860A0
:100CD8007B681B6803F00103012B0CBF0123002371
:100CE800DBB218460C37BD465DF8047B704780B40C
:100CF80083B000AF78607B685B6903F08003802B6A
:100D08000CBF01230023DBB218460C37BD465DF843
:100D1800047B704780B483B000AF78607B685B6900
:100D280003F00403042B0CBF01230023DBB2184695
:100D38000C37BD465DF8047B704780B483B000AFC4
:100D480078607B685B6903F04003402B0CBF01238C
:100D58000023DBB218460C37BD465DF8047B7047AC
:100D680080B483B000AF78607B685B6903F00103EF
:100D7800012B0CBF01230023DBB218460C37BD46FC
:100D88005DF8047B704780B483B000AF78607B68FF
:100D98005B6903F00203022B0CBF01230023DBB2C3
:100DA80018460C37BD465DF8047B704780B483B0A5
:100DB80000AF78607B685B6903F48063B3F5806F8C
:100DC8000CBF01230023DBB218460C37BD465DF883
:100DD800047B704780B483B000AF78607B685B6940
:100DE80003F01003102B0CBF01230023DBB21846BD
:100DF8000C37BD465DF8047B704780B483B000AF04
:100E080078607B685B6903F48073B3F5807F0CBFFF
:100E180001230023DBB218460C37BD465DF8047B7E
:100E2800704780B483B000AF78607B685B6903F477
:100E38000073B3F5007F0CBF01230023DBB2184613
:100E48000C37BD465DF8047B704780B485B000AFB1
:100E580078607B685B69FB60FB687B689B69FB600B
:100E6800FB6800BF1437BD465DF8047B704780B44B
:100E780083B000AF78607B685B6923F480627B682D
:100E88005A6100BF0C37BD465DF8047B704780B4DB
:100E980085B000AF78607B685B69FB60FB687B6846
:100EA8001B6843F001027B681A6000BF1437BD4617
:100EB8005DF8047B704780B483B000AF78607B68CE
:100EC8005B6923F480727B685A6100BF0C37BD46AA
:100ED8005DF8047B704780B483B000AF78607B68AE
:100EE8005B6923F400727B685A6100BF0C37BD460A
:100EF8005DF8047B704780B483B000AF78607B688E
:100F08001B6843F400427B681A6000BF0C37BD467B
:100F18005DF8047B704780B483B000AF78607B686D
:100F28001B6823F400427B681A6000BF0C37BD467B
:100F38005DF8047B704780B483B000AF7860396097
:100F48007B681B6823F480623B681A437B681A60DD
:100F580000BF0C37BD465DF8047B704780B483B092
:100F680000AF78607B681B6843F480727B681A6006
:100F780000BF0C37BD465DF8047B704780B483B072
:100F880000AF78607B681B6843F400727B681A6066
:100F980000BF0C37BD465DF8047B704780B483B052
:100FA80000AF78607B681B6843F400627B681A6056
:100FB80000BF0C37BD465DF8047B704780B483B032
:100FC80000AF78607B681B6823F400627B681A6056
:100FD80000BF0C37BD465DF8047B704780B483B012
:100FE80000AF78607B681B69DBB218460C37BD46DA
:100FF8005DF8047B704780B483B000AF78600B461F
:10100800FB707B681B6923F0FF02FB781A437B683F
:101018001A6100BF0C37BD465DF8047B704780B588
:1010280084B000AF78607B68002B27D07B689B6911
:101038001846FFF749FE03467B817B689B69184683
:10104800FFF732FE7B689B691846FFF754FF0023C1
:10105800FB6003E000BFFB680133FB60FB68632BA8
:10106800F8DD7B689B691846FFF755FF7B89002BE5
:1010780004D07B689B691846FFF706FE00BF10374F
:10108800BD4680BD80B584B000AF786039607B68AC
:10109800002B1FD03B68002B1CD07B68BB60BB6853
:1010A8009B69254A934202D1244BFB6014E0BB683C
:1010B8009B69234A934202D1224BFB600CE0BB6838
:1010C8009B69214A934202D1204BFB6004E0002334
:1010D800FB6001E00023FB60FB68002B26D0BB68A7
:1010E8009A69FB689A61BB68DA68FB68DA60BB6872
:1010F8001A69FB681A61FB6810221A60FB680022F3
:101108005A60FB6820229A60FB6800225A613B689B
:10111800FA681A60FB689B694FF480611846FFF70C
:101128000AFFFB689B691846FFF7AEFD3B68184647
:101138001037BD4680BD00BF00540040B4010020F8
:1011480000580040D0010020005C0040EC01002065
:1011580080B584B000AF78607B68002B36D07B68A0
:101168001B68FB607B689B691846FFF71FFE0346F8
:10117800012B08D17B689B691846FFF778FEFB684E
:1011880043F00403FB607B689B691846FFF749FE40
:101198000346012B08D17B689B691846FFF79BFE25
:1011A800FB6843F00203FB607B689B691846FFF706
:1011B80024FE0346012B0CD17B689B691846FFF778
:1011C8007AFEFB6843F00803FB6002E04FF480738B
:1011D800FB60FB6818461037BD4680BD80B586B0F9
:1011E80000AFF860B9607A60FB68002B28D0FB6814
:1011F8009A69BB681046984778617B69002B21D1B2
:101208007B68002B1ED00BF04BFD386108E0FB68B3
:101218009A69BB681046984778617B69002B08D1AA
:101228000BF03EFD02463B69D31A7A689A42EED229
:1012380000E000BF7B69002B04D102237B6101E041
:1012480000237B617B6918461837BD4680BD0000C6
:1012580080B588B000AFF8607A603B600B467B8150
:101268001023FB61FB68002B00F0B280FB681B6851
:10127800002B00F0AD80FB681B681B68102B40F04A
:10128800A780FB681B687B617B6901221A607B6908
:1012980020229A600023FB617B699B691846FFF74F
:1012A8005DFE3A6B53497869FFF798FF0346012BB7
:1012B80008D07869FFF74CFF034643F40073FA69D6
:1012C8001343FB61FB69002B5CD17B699A697B89BD
:1012D800DBB25B00DBB219461046FFF78CFE3A6BB7
:1012E80045497869FFF77AFF0346012B05D17B69E9
:1012F8009B691846FFF7A9FD08E07869FFF728FF02
:10130800034643F40073FA691343FB610023BB618E
:101318001DE03A6B39497869FFF760FF0346012BF6
:1013280009D17B6998697A68BB6913441B781946A7
:10133800FFF761FE08E07869FFF70AFF034643F408
:101348000073FA691343FB61BB690133BB61FB6935
:10135800002B03D1BA693B689A42DAD3FB69002BA8
:1013680010D13A6B25497869FFF738FF0346012BFE
:1013780008D07869FFF7ECFE034643F40073FA6976
:101388001343FB61FB69002B03D197F82830012B2D
:1013980011D07B699B691846FFF7F0FD7B699B6953
:1013A8001846FFF717FD0346012B04D17B699B699B
:1013B8001846FFF76CFDFB69002B02D07869FFF730
:1013C8002EFE7B69FA695A607B6910221A600BE06D
:1013D800FB68002B06D0FB681B68002B02D04FF47B
:1013E800807300E00123FB61FB6918462037BD4686
:1013F80080BD00BF690D00088F0D0008F70C0008BC
:1014080090B589B000AFF8607A603B600B467B818D
:10141800FB68002B00F07681FB681B68002B00F04E
:101428007181FB681B681B68102B40F06B81FB689F
:101438001B687B617B6901221A607B6920229A60A4
:101448000023FB617B699B694FF480611846FFF7B5
:1014580072FD7B699B691846FFF780FDBA6BA54949
:101468007869FFF7BBFE0346012B08D07869FFF7C0
:101478006FFE034643F40073FA691343FB61FB698B
:10148800002B40F009817B699A697B895BB25B001C
:101498005BB243F001035BB2DBB219461046FFF7BB
:1014A800AAFDBA6B94497869FFF798FE0346012BA9
:1014B80040F0E9803B68002B00F0DF803B68012B9F
:1014C80006D17B699B6900211846FFF734FD0DE0C2
:1014D8003B68022B0AD17B699B6900211846FFF7FC
:1014E8002AFD7B699B691846FFF758FD7B699B6954
:1014F8001846FFF7AAFC3B68BB6120E0BA6B7F493E
:101508007869FFF76BFE0346012B0CD17B6999695B
:101518003A68BB69D31A7A68D4180846FFF75EFDA3
:101528000346237008E07869FFF712FE034643F488
:101538000073FA691343FB61BB69013BBB61FB693B
:10154800002B02D1BB69022BD8D8FB69002B40F0D5
:10155800A380BB69022B65D17B699B690021184672
:10156800FFF7E9FC7B699B691846FFF717FDBA6B23
:1015780063497869FFF732FE0346012B43D197F898
:101588003030012B04D07B699B691846FFF7F6FCC5
:10159800BA6B5A497869FFF721FE0346012B28D117
:1015A8007B6999693B68023B7A68D4180846FFF75B
:1015B80015FD03462370BA6B50497869FFF70EFE94
:1015C8000346012B0BD17B6999693B68013B7A681B
:1015D800D4180846FFF702FD034623701CE078691B
:1015E800FFF7B6FD034643F40073FA691343FB6142
:1015F80012E07869FFF7ACFD034643F40073FA691B
:101608001343FB6108E07869FFF7A2FD034643F442
:101618000073FA691343FB617B699B691846FFF7FE
:10162800CDFC39E0BB69012B36D197F83030012B5E
:1016380004D07B699B691846FFF7A0FCBA6B2F4959
:101648007869FFF7CBFD0346012B0CD17B699969BB
:101658003A68BB69D31A7A68D4180846FFF7BEFC03
:101668000346237018E07869FFF772FD034643F4D8
:101678000073FA691343FB610EE07B699B691846A6
:10168800FFF77CFC08E07869FFF762FD034643F446
:101698000073FA691343FB61FB69002B11D07B6966
:1016A8009B691846FFF76AFC7B699B691846FFF738
:1016B80091FB0346012B04D17B699B691846FFF710
:1016C800E6FB7B699B694FF480611846FFF733FCA2
:1016D8007B699B691846FFF771FCFB69002B02D0F8
:1016E8007869FFF79CFC7B69FA695A607B6910226C
:1016F8001A6013E0690D00088F0D0008430D0008FB
:101708001D0D0008FB68002B06D0FB681B68002B2A
:1017180002D04FF4807300E00123FB61FB69184697
:101728002437BD4690BD00BF80B400AF00BFBD46A2
:101738005DF8047B7047000090B591B000AFF86089
:10174800B9607A603B600223BB6307F1380319462E
:10175800F86800F055F90346FB8707F13803194686
:10176800F86800F035F9034687F83D303B6DFA8F8D
:101778001A80FB8F42F2200293425DD197F83D30E8
:10178800242B59D107F138031946F86800F0B2F94B
:10179800F0EE407AC7ED057A07F138031946F86884
:1017A80000F0A8F9F0EE407AC7ED067A07F13803A1
:1017B8001946F86800F09EF9F0EE407AC7ED077A0E
:1017C80007F138031946F86800F094F9F0EE407A0A
:1017D800C7ED087A07F138031946F86800F08AF966
:1017E800F0EE407AC7ED097A07F138031946F86830
:1017F80000F080F9F0EE407AC7ED0A7A07F1380375
:101808001946F86800F076F9F0EE407AC7ED0B7AE1
:1018180007F138031946F86800F06CF9F0EE407AE1
:10182800C7ED0C7A07F138031946F86800F062F939
:10183800F0EE407AC7ED0D7AFB691846FEF724FEF4
:1018480061A3D3E90023FEF777FE02460B46104654
:101858001946FFF769F90246BB681A60BB6A184661
:10186800FEF712FE58A3D3E90023FEF765FE0246F1
:101878000B4610461946BB681C1DFFF755F9034671
:1018880023607B6B1846FEF7FFFD4FA3D3E90023C7
:10189800FEF752FE02460B4610461946BB6803F196
:1018A8000804FFF741F90346236007F13803194696
:1018B800F86800F0A5F80346FB8707F138031946D6
:1018C800F86800F085F8034687F83D30FB8F42F250
:1018D8001002934234D197F83D30102B30D107F1E4
:1018E80038031946F86800F005F9F0EE407A7B688D
:1018F800C3ED007A7B681C1D07F138031946F868A8
:1019080000F0F8F8F0EE407AC4ED007A7B6803F155
:10191800080407F138031946F86800F0EBF8F0EE10
:10192800407AC4ED007A7B6803F10C0407F13803B0
:101938001946F86800F0DEF8F0EE407AC4ED007A57
:1019480007F138031946F86800F05AF80346FB8790
:1019580007F138031946F86800F03AF8034687F8A3
:101968003D30FB8F48F22002934227D197F83D3053
:101978000C2B23D107F138031946F86800F0BAF8A0
:10198800F0EE407A3B68C3ED007A3B681C1D07F116
:1019980038031946F86800F0ADF8F0EE407AC4ED67
:1019A800007A3B6803F1080407F138031946F86820
:1019B80000F0A0F8F0EE407AC4ED007A00BF44379A
:1019C800BD4690BDAFF300801F85EB51B89E23C084
:1019D80080B485B000AF786039603B681B681A46F0
:1019E8007B6813441B78FB733B681B685A1C3B6875
:1019F8001A60FB7B18461437BD465DF8047B7047B8
:101A080080B485B000AF786039600023FB813B6803
:101A18001B681A467B6813441B781BB21B021AB258
:101A2800B7F90E3013431BB2FB813B681B685A1C85
:101A38003B681A603B681B681A467B6813441B782E
:101A48001A46FB891343FB813B681B685A1C3B6899
:101A58001A60FB8918461437BD465DF8047B704749
:101A680080B485B000AF786039600023FB603B68C4
:101A78001B681A467B6813441B781B06FA681343D5
:101A8800FB603B681B685A1C3B681A603B681B6814
:101A98001A467B6813441B781B04FA681343FB60DF
:101AA8003B681B685A1C3B681A603B681B681A46EF
:101AB8007B6813441B781B02FA681343FB603B687E
:101AC8001B685A1C3B681A603B681B681A467B688F
:101AD80013441B781A46FB681343FB603B681B687A
:101AE8005A1C3B681A60FB6818461437BD465DF8F7
:101AF800047B704780B584B000AF7860396039687E
:101B08007868FFF7ADFF0346FB60FB68BB60BB6806
:101B180007EE903AB0EE670A1037BD4680BD80B434
:101B280085B000AF786039600023FB7397F90F30F8
:101B380018461437BD465DF8047B704780B584B0FD
:101B480000AF786039600023FB727B68002B05D1F9
:101B5800374801F085FB4FF0FF3365E03B68002B09
:101B680005D1344801F07CFB4FF0FF335CE0324B89
:101B7800D3E900014FF000024FF04043FEF744FF65
:101B88000346002B06D03B68D3E900232A49C1E964
:101B9800002305E0284BD3E900233968C1E9002375
:101BA800254BD3E900014FF00002244BFEF72CFF30
:101BB8000346002B02D0224801F052FB7B685B6889
:101BC8001B68204A13607B685B685B681E4A136069
:101BD8007B685B689B681D4A13607B685B68DB6891
:101BE8001B4A13601B4B00221A6001F0B3FF00234D
:101BF800FB600023FB6007E0174AFB68174942F8BF
:101C08002310FB680133FB60FB68012BF4D901F05A
:101C1800E1FB0346FB7297F90B30002B02D1104B06
:101C280001221A7097F90B3018461037BD4680BD4F
:101C380060F4000884F40008B80000200000F0BF39
:101C4800B0F40008B8030020BC030020C003002043
:101C5800C4030020C803002008020020C53B000878
:101C6800B603002080B586B000AF78600023FB750E
:101C780000233B610023FB732A4B1B78DBB2002B4C
:101C88000CBF01230023DBB2BB73274B02221A705F
:101C98007B68002B0BD1234B1B78DBB2002B06D1C2
:101CA800224B1B78DBB2002B01D1012300E000237B
:101CB800FB7316E00A2007F08FFB3B6903F51C5302
:101CC80010333B617B68B3F1FF3F05D03A697B680D
:101CD8009A4201D9012300E00023FB73002001F0A0
:101CE800D1FB104B1B78DBB2002B07D10F4B1B78B5
:101CF800DBB2002B02D1FB7B002BDBD00A4B03228B
:101D08001A70FB7B002B01D09C23FB75BB7B002B3F
:101D180001D002F04DF897F9173018461837BD462C
:101D280080BD00BFB4030020B6030020B503002027
:101D380080B586B000AF034687ED000BFB8100231A
:101D4800FB750123BB754FF000024FF00003D7E984
:101D58000001FEF763FE0346002B05D02E4801F074
:101D68007FFA4FF0FF3353E0FB89FF2B08D9FB893B
:101D7800FF221946294801F073FA4FF0FF3347E074
:101D8800274B1B78DBB2032B04D0254B1B78DBB227
:101D9800012B02D1224B04221A70FB89012B15D882
:101DA800FB89204A52F82330002B0FD002F0C6FBE3
:101DB80003467B757B7D022B08D1FB89194A52F8B3
:101DC8002330FA89104698470346BB75FB897B8206
:101DD800FB89184697ED000B01F05EFABB7D002BDE
:101DE80006D07B8A184602F081FB0346FB7503E0A8
:101DF8007B8A184602F0DDFB97F91730002B05D0D7
:101E080097F917301946084801F02AFA97F9173058
:101E180018461837BD4680BD1CF5000860F5000857
:101E2800B603002008020020A0F5000880B582B0A3
:101E380000AF0023FB71002001F024FB0346FB7177
:101E480097F9073018460837BD4680BD80B582B07F
:101E580000AF0023FB710B4B06221A7001F0B0FB98
:101E68000346FB710822002107480DF0A9FA01F08A
:101E780025FF044B00221A7097F9073018460837D7
:101E8800BD4680BDB60300200802002080B400AF24
:101E9800034B1B78DBB21846BD465DF8047B7047E0
:101EA800B503002080B400AF034B1B78DBB21846A3
:101EB800BD465DF8047B7047CC030020000000009D
:101EC80080B584B000AF4FF000024FF00003C7E9BF
:101ED8000223414B1B785A1CD1B23F4A1170002B88
:101EE80009D03E4B01221A603B4B1B78013BDAB20A
:101EF800394B1A7066E03B1D184600F087FA62B647
:101F080000BF374B1B68D3E90823C7E9022300F059
:101F18000FFB97ED020B0020FFF70AFF72B600BF18
:101F28002D4B1B78013BDAB22B4B1A707B79002BB7
:101F380011D02C4B5B785A1CD1B22A4A5170002B15
:101F480009D0264B01221A60264B5B78013BDAB296
:101F5800244B5A7036E0234B5B78002B32D01E4B53
:101F68005B78002B2DD11C4B5B780133DAB21A4B0E
:101F78005A7062B600BF1A4B1B689B6B1846FEF777
:101F880061FA13A3D3E90023FEF7D6FA02460B46FB
:101F9800C7E9022300F0ECFF97ED020B0120FFF7E1
:101FA800C7FE00BF72B600BF0E4B5B78013BDAB2CA
:101FB8000C4B5A70084B5B78013BDAB2064B5A70EF
:101FC80000E000BF1037BD4680BD00BFAFF3008002
:101FD8009A9999999999B93F140200201002002002
:101FE800E81C01081802002080B586B000AF7860B0
:101FF80039605A4B7B615A4B3B610023FB73594B49
:1020080000221A70584B00221A7001DF0AF012FEE3
:1020180008F076FE07F0F8F909F04AF809F0AEF989
:1020280009F0C0FD09F0E6FB09F034FA09F08AFA74
:102038004E4B1B6800221A6000210020FFF76FFD3D
:102048000346FB7397F90F30002B02D097F90F3036
:1020580080E001F001F872B600BF62B600BF434BE2
:102068001B685A68414B1B68403319461046FFF7F6
:1020780065FD0346FB7397F90F30002B0DD14FF028
:10208800FF30FFF7EFFDFFF701FF0346002B04D0F9
:10209800364B1B68012283F8482072B600BF97EDC3
:1020A800050A07F0A5FAFFF7FDFE0346002B0CD141
:1020B800FFF7ECFE0346002B07D12C4B1B6893F867
:1020C8004830002B01D1012300E00023DAB2264B6F
:1020D8001A7062B600BF62B600BF2FE0FFF7A6FE17
:1020E8000346FB73FFF7DEFE0346002B0AD1FFF71A
:1020F800CDFE0346002B05D11C4B1B6893F84830D6
:10210800002B01D0012300E00023DAB2154B1A702E
:10211800144B1B78DBB2002B0CBF01230023DBB26E
:102128001A46114B1A700F4B1B78DBB2002B05D0E7
:102138000F4B1B680E4A23F0010313600A4B1B78F0
:10214800DBB2002BCAD101F061F8FFF77FFE72B64F
:1021580000BF002318461837BD4680BDCDCC4C3C87
:10216800000034431A0200201B020020E81C01086A
:1021780010E000E080B586B000AF4023FB604FF070
:1021880000024FF00003C7E90423FB68202B0BD1A2
:1021980000F020F810EE103A1846FEF775F90246DE
:1021A8000B46C7E9042307E0094B7B6000233B602B
:1021B800D7E90023C7E90423D7E9042343EC172B05
:1021C800B0EE470AF0EE670A1837BD4680BD00BF7B
:1021D8000000F07F80B483B000AF4FF0FF437B6016
:1021E8007B6807EE903AB0EE670A0C37BD465DF89B
:1021F800047B704780B586B000AF4023FB604FF08A
:1022080000024FF00003C7E90423FB68202B0BD121
:1022180000F020F810EE103A1846FEF735F902469D
:102228000B46C7E9042307E0094B7B6000233B60AA
:10223800D7E90023C7E90423D7E9042343EC172B84
:10224800B0EE470AF0EE670A1837BD4680BD00BFFA
:102258000000F0FF80B483B000AF064B7B607B6862
:1022680007EE903AB0EE670A0C37BD465DF8047B7E
:10227800704700BF000080FF80B586B000AF4023E4
:10228800FB604FF000024FF00003C7E90423FB682E
:10229800202B0BD100F020F810EE103A1846FEF76C
:1022A800F3F802460B46C7E9042307E0094B7B60B5
:1022B80000233B60D7E90023C7E90423D7E90423B7
:1022C80043EC172BB0EE470AF0EE670A1837BD4605
:1022D80080BD00BF0000F8FF80B483B000AF4FF0AE
:1022E80000037B60054B7B607B6807EE903AB0EE9D
:1022F800670A0C37BD465DF8047B70470000C0FFD5
:1023080080B582B000AF7860FFF7B6FFB0EE407AD4
:10231800F0EE607A164B83ED007BFFF7DDFFF0EE01
:10232800407A144BC3ED007AFFF724FFB0EE407AF1
:10233800F0EE607A104B83ED007BFFF74BFFF0EE79
:10234800407A0E4BC3ED007AFFF754FFB0EE407AA7
:10235800F0EE607A0A4B83ED007BFFF77BFFF0EE2F
:10236800407A084BC3ED007A00BF0837BD4680BDF0
:102378003002002040020020200200203802002005
:10238800280200203C02002080B483B000AF87ED13
:10239800010A0E4BD3ED007A97ED017AB4EE677A15
:1023A800F1EE10FA09D00A4BD3ED007A97ED017AD5
:1023B800B4EE677AF1EE10FA01D1012300E00023B0
:1023C80018460C37BD465DF8047B7047380200207C
:1023D8003C02002080B485B000AF87ED010A7B681D
:1023E800FB60FB6803F0FF43B3F1FF4F06D1FB68C6
:1023F800C3F31603002B01D0012300E00023DBB256
:1024080018461437BD465DF8047B704780B483B026
:1024180000AF7860084B93F83D30002B0CBF0123C8
:102428000023DAB27B6801331A7000BF0C37BD464F
:102438005DF8047B704700BF3803002080B400AF0C
:102448000F4B93F83D30002B0CBF01230023DAB269
:102458000B4B83F83E200A4B93F83D200132D2B251
:1024680083F83D20064B93F83D30072B03D9044BE6
:10247800002283F83D2000BFBD465DF8047B70470D
:102488003803002080B58AB000AF78607B680022EE
:102498001A727B6801225A60104B3B6200237B61F1
:1024A8000023BB617B6800221A617B6800225A61A5
:1024B8007B6800229A617B6810337B6207F108030E
:1024C800796A1846FEF7DEFD02467B68DA607B68AB
:1024D80001221A7200BF2837BD4680BD0054004053
:1024E80080B58AB000AF78600F4B3B6200237B61F8
:1024F8000023BB617B6800221A617B6800225A6155
:102508007B6800229A617B6810337B6207F10803BD
:10251800796A1846FEF7B6FD02467B68DA6000BFA6
:102528002837BD4680BD00BF0058004000000000AD
:10253800B0B5C4B004AFFFF781FF744B93F97C309A
:1025480087F8F530002387F8F73097F8F530042B33
:102558001FD801A252F823F0752500087D25000830
:10256800852500088D25000895250008002387F893
:10257800F7300EE0032387F8F7300AE0032387F8E3
:10258800F73006E0002387F8F73002E0002387F8E9
:10259800F73097F9F7205D4B83F87C200423FB7113
:1025A8005A4B586CFA1D012302930123019301230E
:1025B800009301236B21FEF74BFEC7F8F000D7F814
:1025C800F030002B0DD1514B586C0123029300239E
:1025D80001930023009304234D4A6B21FEF710FF5B
:1025E8000FE04C4B002283F866204A4B002283F808
:1025F8006720484B002283F86820464B002283F866
:102608006920444B93F86830002B00F0958006232E
:10261800FB713E4B986AFA1D012302930123019333
:102628000123009301236B21FEF712FEC7F8F00087
:10263800D7F8F030002B0ED1344B986A07F12C02F2
:102648000123029300230193002300934C236B2161
:10265800FEF7D6FE06E007F12C034C2200211846AF
:102668000CF0AEFE2B4B4FF000025A63294B4FF093
:1026780000029A63274B4FF00002DA63254B4FF0B4
:1026880000021A64234B4FF000025A64214B4FF0AA
:1026980000029A641F4B4FF00002DA641D4B4FF0A2
:1026A80000021A651B4B4FF000025A65194B4FF098
:1026B80000029A65174B0022A3F8642007F12C004A
:1026C800154B0093154B164A1649FFF735F80F4B73
:1026D80093F97C3087F8EF3097F8EF3087F8F630C9
:1026E80097F8EF30042B22D801A252F823F000BF4C
:1026F8000D2700083727000837270008312700086A
:1027080037270008022387F8F63010E0B8020020C7
:10271800AE02002048020020AC02002098020020EF
:10272800880200207C020020012387F8F63097F900
:10273800F620AD4B83F87C20AC4B93ED0D7AAB4B78
:10274800D3ED0D7A27EE277AA84BD3ED0E6AA74B67
:10275800D3ED0E7A66EEA77A37EE277AA34BD3ED40
:102768000F6AA24BD3ED0F7A66EEA77A37EE277A77
:102778009F4BD3ED1E7A67EE277AC7ED3E7A9B4BC7
:1027880093ED0E7A9A4BD3ED1D7A27EE277A974B65
:10279800D3ED0F7ADFED976A67EEA67A37EE677AA0
:1027A800B7EE006AD7ED3E6AC6EE267A67EE277A5C
:1027B8008E4BC3ED037A8D4BD3ED0F7A9FED8D7A57
:1027C80027EE877A894BD3ED0D6A894BD3ED1D7AB5
:1027D80066EEA77A37EE677AB7EE006AD7ED3E6AFB
:1027E800C6EE267A67EE277A804BC3ED047A7F4BD4
:1027F800D3ED0D7A9FED7F7A27EE877A7B4BD3ED69
:102808000E7ADFED7C6A67EEA67A37EE677AB7EE66
:10281800006AD7ED3E6AC6EE267A67EE277A734BD2
:10282800C3ED057A724B93ED1F7A704BD3ED037AA3
:1028380027EE277A6E4BD3ED207A67EE277A17EECC
:10284800900AFDF721FE02460B4643EC102B0BF0D5
:102858009BF953EC102B10461946FEF765F9034611
:10286800C7F8F83097ED3E0AFFF7B4FD0346002B92
:1028780006D197ED3E0AFFF787FD0346002B04D0EB
:102888004FF00003C7F8F83014E0D7F8F800FDF768
:10289800FBFD02460B469FED521B43EC102B0BF041
:1028A800B1F853EC102B10461946FEF73DF90346D4
:1028B800C7F8F830D7ED3E7AF5EEC07AF1EE10FAA7
:1028C80009D5D7ED3E7AF1EE677AFCEEE77A17EE96
:1028D800903A5B4205E0D7ED3E7AFCEEE77A17EED8
:1028E800903A424AD365424B93ED217A3F4BD3ED60
:1028F800047A27EE277A3E4BD3ED227A67EE277AC1
:1029080017EE900AFDF7C0FD02460B4643EC102B6C
:102918000BF03AF953EC102B10461946FEF704F960
:102928000346C7F8F83097ED3E0AFFF753FD034614
:10293800002B06D197ED3E0AFFF726FD0346002B34
:1029480004D04FF00003C7F8F83014E0D7F8F800C7
:10295800FDF79AFD02460B469FED211B43EC102B19
:102968000BF050F853EC102B10461946FEF7DCF824
:102978000346C7F8F830D7ED3E7AF5EEC07AF1EEA7
:1029880010FA09D5D7ED3E7AF1EE677AFCEEE77AD0
:1029980017EE903A5B4205E0D7ED3E7AFCEEE77A17
:1029A80017EE903A114A1366104BDB6DBB670F4B5D
:1029B8001B6EFB670E4B1B6EC7F880300C4B5B6EB3
:1029C800C7F8843007F1780107F108031022184688
:1029D8000CF028FD00233B760023C7F8FC301EE0EE
:1029E800000000000000F041B8020020480200206A
:1029F8000000002000000000D7F8FC30013307F188
:102A08000801D7F8FC200A44127803F580733B4488
:102A180003F8E82CD7F8FC300133C7F8FC30D7F8B6
:102A2800FC300F2BE8DDBA4BD86807F11802642395
:102A38000293002301930023009311234221FEF700
:102A480007FC0346B34A9360B34B93F83E30002B20
:102A580005D0AF4BD3E91823AE49C1E90023AC4BED
:102A68005B6F1846FDF7FEFCAC4BD3E90623FDF778
:102A7800ADFB02460B461046194602460B46FDF7CB
:102A8800A5FB02460B46104619469FA3D3E900232F
:102A9800FDF752FD02460B46104619469F4BD3E9F7
:102AA8000423FDF773FE02460B4643EC172BB0EEEA
:102AB800470AF0EE670A0BF01FF851EC100B974B22
:102AC800D3E90023FDF738FD02460B4610461946A8
:102AD800924BD3E90223FDF779FB02460B461046D9
:102AE80019468E4BD3E90C23FDF726FD02460B460B
:102AF80010461946894BD3E90E23FDF71DFD024602
:102B08000B46C7E9382397ED380B0AF0F5FF87ED38
:102B1800360B97ED380B0AF0ABFF87ED340B7F4B84
:102B2800D3E90C017B4BD3E90023FDF705FD0246F1
:102B38000B4610461946794BD3E90E23FDF7FCFCEA
:102B480002460B46C7E9382397ED380B0AF0D4FF45
:102B580087ED320B97ED380B0AF08AFF87ED300BC3
:102B68006E4BD3E90C016D4BD3E90A23FDF7E4FC66
:102B780002460B4610461946684BD3E90E23FDF76B
:102B8800DBFC02460B46C7E9382397ED380B0AF001
:102B9800B3FF87ED2E0B97ED380B0AF069FF87ED31
:102BA800380BD7E93023D7E93401FDF7C5FC0246D5
:102BB8000B46C7E92C23D7E93223D7E93601FDF7BD
:102BC800BBFC02460B46C7E92A23D7E93823D7E9D5
:102BD8002C01FDF7B1FC02460B4614461D46D7E909
:102BE8002E23D7E92A01FDF7A7FC02460B4620460B
:102BF8002946FDF7E9FA02460B4610461946FDF745
:102C080093FF0346434A9361D7E93223D7E9340156
:102C1800FDF792FC02460B46C7E93423D7E9302377
:102C2800D7E93601FDF788FC02460B46C7E936238B
:102C3800D7E92E23D7E93401FDF77EFC02460B467F
:102C480014461D46D7E93823D7E93601FDF774FC49
:102C580002460B4620462946FDF7B8FA02460B46BF
:102C680010461946FDF760FF03462A4AD361D7E9A3
:102C78003823D7E93401FDF75FFC02460B461446BA
:102C88001D46D7E92E23D7E93601FDF755FC024644
:102C98000B4620462946FDF797FA02460B46104692
:102CA8001946FDF741FF03461A4A1362D7E92E2356
:102CB800D7E92C01FDF740FC02460B4614461D4699
:102CC800D7E93823D7E92A01FDF736FC02460B4637
:102CD80020462946FDF77AFA02460B461046194661
:102CE800FDF722FF03460B4A53620A4B93ED067A1F
:102CF8000A4BD3ED247A27EE277A084BD3ED236AC3
:102D0800044BD3ED077A0BE0182D4454FB210940FE
:102D1800B8020020480200203803002000000020EC
:102D280066EEA77A37EE277A8D4BD3ED086A8D4B7E
:102D3800D3ED267A66EEA77A37EE277A894BD3ED5C
:102D4800256A874BD3ED097A66EEA77A77EE677A1C
:102D5800C7ED3E7A824B93ED067A824BD3ED257A06
:102D680027EE277A7E4BD3ED076A7E4BD3ED267A82
:102D780066EEA77A37EE677A7A4BD3ED236A784BFB
:102D8800D3ED087A66EEA77A37EE277A754BD3ED3E
:102D9800246A734BD3ED097A66EEA77A77EE277A21
:102DA800C7ED297A6E4B93ED067A6E4BD3ED267AF2
:102DB80027EE277A6A4BD3ED076A6A4BD3ED257A5B
:102DC80066EEA77A37EE277A664BD3ED246A644B12
:102DD800D3ED087A66EEA77A37EE677A614BD3EDC2
:102DE800236A5F4BD3ED097A66EEA77A77EE277AE6
:102DF800C7ED287A5B4BD3ED287A97ED3E7A67EEDC
:102E0800277AC7ED277A584BD3ED1A7A97ED277AA8
:102E180077EE277AC7ED267A524BD3ED287A97EDCD
:102E2800297A67EE277AC7ED257A4F4BD3ED1B7ABF
:102E380097ED257A77EE277AC7ED247A494BD3EDBB
:102E4800287A97ED287A67EE277AC7ED237A464BDA
:102E5800D3ED1C7A97ED237A77EE277AC7ED227A9D
:102E6800404B93ED277AD7ED3E7A27EE277A3D4BF4
:102E7800D3ED2C6AD7ED267A66EEA77A77EE277A15
:102E8800374BC3ED0A7A374B93ED277AD7ED297A7A
:102E980027EE277A334BD3ED2C6AD7ED247A66EEEA
:102EA800A77A77EE277A2E4BC3ED0B7A2D4B93ED4D
:102EB800277AD7ED287A27EE277A2A4BD3ED2C6A82
:102EC800D7ED227A66EEA77A77EE277A244BC3ED00
:102ED8000C7A254B5B6F0133234A5367224B5B6F98
:102EE8001846FDF7BFFA1F4BD3E90423FDF78CFD05
:102EF8000346002B02D01C4B00225A6797ED277A15
:102F0800D7ED267A77EE277A174BC3ED1A7A97ED25
:102F1800257AD7ED247A77EE277A134BC3ED1B7AFF
:102F280097ED237AD7ED227A77EE277A0E4BC3ED09
:102F38001C7A0E4B9A6A01329A629B6A1846FDF710
:102F480081FA0A4BD3E90C23084CFDF7F5FA02463F
:102F58000B46C4E9082300BF07F58077BD46B0BD1E
:102F68004802002000000020B8020020380300209A
:102F780080B582B000AF344B9B6F1846FDF772FAEC
:102F8800324BD3E91623FDF721F902460B461046CA
:102F9800194602460B46FDF719F902460B4610463C
:102FA800194627A3D3E90023FDF7C6FA02460B46C4
:102FB80010461946254BD3E91423FDF7E7FB0246D3
:102FC8000B4643EC172BB0EE470AF0EE670A0AF0FF
:102FD80093FD51EC100B1D4BD3E91023FDF7ACFA10
:102FE80002460B4610461946184BD3E91223FDF743
:102FF800EDF802460B46C7E900231349D7E9002339
:10300800C1E91823104B9B6F01330F4A93670E4B8E
:103018009B6F1846FDF726FA0C4BD3E91423FDF7EE
:10302800F3FC0346002B02D0074B00229A67084B9B
:103038009A6B01329A6300BF0837BD4680BD00BF56
:10304800182D4454FB210940B8020020000000203C
:10305800380300200000000080B500AF0820FFF70B
:103068004FF95B494FF000025A4BC1E91023584908
:1030780055A3D3E90023C1E90C23554B564A9A605E
:10308800534B564ADA60524B554A1A61504B554ACF
:103098005A614F4B544A5A60534B544A1A60534B27
:1030A800534A1A60514B524A5A60504B504A9A60E0
:1030B8004E4B504ADA604D4B4E4A1A614B4B4D4AC3
:1030C8005A61434A424B5B6818329A60404A404B07
:1030D8005B6808325A603E4A3D4B5B682032DA60D2
:1030E800454BD3E908234549C1E90023424BD3E9BD
:1030F80008234349C1E918233F4BD3F8A430404A79
:1031080093663D4BD3F8A8303D4AD3663A4BD3F883
:10311800AC303B4A13673A4B00221A62384B002204
:103128001A773848FFF7AEF9354B002283F8542058
:10313800334B01229A65FEF7F7FA314B012283F8E7
:103148005C202D4B9B6E2D4A53632B4B9B6E2B4A59
:103158009363294B9B6E294AD363274BDB6E274A1F
:103168001364254BDB6E254A5364234BDB6E234ADD
:103178009364214BDB6E214AD3641F4B1B6F1F4A9C
:1031880013651D4B1B6F1D4A53651B4B1B6F1B4A59
:1031980093651B4B0022DA63194B002283F8382011
:1031A8001948FFF76FF9164B00221A70144B0022CA
:1031B8001A72134B01225A601148FFF791F9104B0C
:1031C80001221A7200BF80BD9A9999999999893FED
:1031D800380300200000F03F0E01740849E203D0D4
:1031E8009427FB45851A127E880300209C03002043
:1031F800EC1C0108340300200000002048020020D5
:10320800B8020020D4020020F002002080B400AFF1
:10321800124B93F83830002B03D1104B012283F85E
:1032280038200E4B1B7F002B02D10C4B01221A7742
:103238000A4B93F85430002B03D1084B012283F832
:103248005420064B1B78002B02D1044B01221A7024
:1032580000BFBD465DF8047B704700BFB802002080
:103268000FB480B400AF00BFBD465DF8047B04B066
:10327800704780B485B000AFF860B9607A60FB68C9
:10328800BA681A60FB6804337A681A6000BF14379A
:10329800BD465DF8047B7047F0B58BB000AF87ED95
:1032A800020B0346FB80FB88002B77D14FF000020E
:1032B800414BD7E90201FDF73FF902460B46C7E942
:1032C80006239FED391B97ED060B0AF09BFB53EC89
:1032D800102B10461946FDF707FC03467B610023B7
:1032E8007B6233A3D3E90023D7E90601FDF7B4FBDA
:1032F8000346002B0ED02EA3D3E90023D7E90601FD
:10330800FDF744FA02460B4610461946FDF7ECFB5A
:1033180003467B627A6A79692848FFF7AAFF284B37
:10332800D3E900014FF00002264BFDF76DFB034681
:10333800002B2ED1224BD3E900014FF000024FF0B1
:103348004043FDF761FB0346002B22D11C4BD3E918
:103358000001D7E90223FCF737FF02460B46144663
:103368001D464FF00002184BD7E90201FDF7E4F8BB
:1033780002460B4601210E4620462946FDF74EFB24
:103388000346002B01D100231E46F3B21A460F4B09
:103398001A700F49D7E90223C1E9002300BF2C376F
:1033A800BD46F0BDAFF30080000000000000F04112
:1033B8000000E0FFFFFFEF4100408F40E0030020E6
:1033C800B80000200000F0BF0000B03CCC03002093
:1033D800E803002080B584B000AF0023BB60002361
:1033E8007B600023FB7323494FF000024FF000037A
:1033F800C1E9002320494FF000024FF00003C1E962
:1034080000233A1D07F108031146184605F0B6FFD8
:10341800BB687A681146184604F0D2F80346FB7375
:1034280097F90F30002B05D01448FFF719FF97F9CB
:103438000F301AE03A1D07F108031146184605F047
:10344800B4FFBB687A681146184600F053FF03467C
:10345800FB7397F90F30002B05D097F90F301946F9
:103468000748FFF7FDFE97F90F3018461037BD469D
:1034780080BD00BFD0030020D80300201CF700083F
:1034880044F7000880B584B000AF0346FB71002301
:10349800FB730023BB73002005F09EFF00237B73A2
:1034A80004F05CFA0346FB7397F90F30002B0DD03C
:1034B80097F90F3013F1020F08D097F90F3019461A
:1034C8003C48FFF7CDFE0123BB730BE07B7B002B51
:1034D80004D197F90F3013F1020F01D0012300E056
:1034E80000237B73BB7B002B21D100F035FF034603
:1034F800FB7397F90F30002B0DD097F90F3013F1AC
:10350800020F08D097F90F3019462B48FFF7A8FE8D
:103518000123BB730BE07B7B002B04D197F90F30A1
:1035280013F1020F01D0012300E000237B73BB7B62
:10353800002B21D104F09CF90346FB7397F90F3057
:10354800002B0DD097F90F3013F1020F08D097F91F
:103558000F3019461948FFF783FE0123BB730BE0B0
:103568007B7B002B04D197F90F3013F1020F01D0A8
:10357800012300E000237B73FB79002B0DD0002092
:1035880005F02AFFBB7B002B02D17B7B002B01D1EE
:10359800012300E00023BB7301E00123BB73BB7B65
:1035A800002B3FF47BAF97F90F3018461037BD4614
:1035B80080BD00BF6CF70008A4F70008D4F7000826
:1035C80080B582B000AF0023BB70394B1B78DBB2EB
:1035D800002B02D0002000F0DDFF00F0AFFF034613
:1035E800FB7000237B600EE00A2005F0F5FE7B6887
:1035F80003F51C5310337B600120FFF743FF00F0F5
:103608009DFF0346FB707B682A4A934202D8FB78E9
:10361800002BE9D100F09EFF0346BB7097F90230FA
:10362800002B05D097F9023019462348FFF718FEFA
:1036380004F00EFB0346BB7097F90230002B05D04F
:1036480097F9023019461D48FFF70AFE1C4B002265
:103658001A701C4B00221A701B4B00221A601B4B5D
:1036680000221A601A4B00221A601A4B00221A60B4
:10367800194B00221A6019494FF000024FF04043DD
:10368800C1E900230A4B00221A70082200211448BD
:103698000BF096FE13494FF000024FF00003C1E90A
:1036A800002397F9023018460837BD4680BD00BF91
:1036B800CC030020FF2C31010CF8000828F8000882
:1036C800B4030020B5030020B8030020BC03002089
:1036D800C0030020C4030020C8030020B800002055
:1036E800E0030020E803002080B586B000AF614BFE
:1036F8001B687B617B69002B00F0B8805E4B1B78F0
:10370800DBB2002B04D15B4B1B68002B00F0AE80B2
:103718005A4B1B78DBB2022B40F0A880584B1B7821
:10372800002B40F0A3807B69D3E90023C7E902237B
:10373800544B1B78002B00F08A80534B1B78DBB26C
:10374800002B04D0504B1B78DBB2022B01D1012394
:1037580000E00023FB714C4B1B78DBB2012B04D03B
:10376800494B1B78DBB2022B01D1012300E0002377
:10377800BB71FB79002B33D0444BD3E90023D7E945
:103788000201FDF75FF90346002B0AD0404BD3E94D
:1037980000013E4BD3E90023FDF740F90346002B17
:1037A80014D13A4BD3E90023D7E90201FDF754F9C4
:1037B8000346002B14D0364BD3E90001334BD3E931
:1037C8000023FDF721F90346002B09D0314B1B6874
:1037D800002B02D1304B01221A70294B01221A709A
:1037E800BB79002B33D0294BD3E90023D7E9020159
:1037F800FDF714F90346002B0AD0254BD3E9000145
:10380800224BD3E90023FDF71DF90346002B14D101
:103818001E4BD3E90023D7E90201FDF7F5F803466B
:10382800002B14D01A4BD3E90001184BD3E900231D
:10383800FDF712F90346002B09D0164B1B68002B25
:1038480002D1154B01221A700D4B01221A700C4B34
:103858001B78002B0CBF01230023DBB21A46094B4F
:103868001A700B49D7E90223C1E9002300BF1837B2
:10387800BD4680BDF4030020F80300201404002096
:10388800230400202004002010040020000400204D
:10389800180400200C0400202204002080B582B007
:1038A80000AF0023FB719E4B1B78DBB2002B18D1B5
:1038B8009C4B00221A709C4B00221A709B4B1B7861
:1038C800DBB2002B2DD0964B02221A70974B0022A8
:1038D8001A70974B1B78DBB2002B22D10123FB71A6
:1038E8001FE0924B00221A708E4B1B78DBB2002B24
:1038F80009D0904B00221A70894B00221A70894B0C
:1039080000221A700DE08A4B1B78DBB2002B02D123
:103918000123FB7105E0844B1B78FB71824B00226D
:103928001A707F4B1B78DBB2042B00F2D78001A200
:1039380052F823F0513900088B3A00086B39000817
:103948003F3A0008C9390008784B1B78DBB2002BD6
:1039580000F0D880724B02221A70744B00221A7041
:10396800D0E0FB79002B00F0CF80734B1B68002B55
:103978000DDD6F4B1B78DBB2012B08D16E4B1B683A
:103988001A466E4B1A60664B03221A70BCE06C4BE9
:103998001B68002B0AD0674B01221A70684B1B6802
:1039A800664A13605E4B04221A70ADE06548FFF763
:1039B80057FC604B00221A70594B00221A70A3E082
:1039C8005E4B1B68002B04D05C4B1B68013B5B4AB9
:1039D80013605A4B1B68002B40F098805A4B1B7899
:1039E800DBB2012B06D1534B00221A704C4B00223C
:1039F8001A708BE0554B1B68002B0AD04D4B0022E8
:103A08001A70524B1B684D4A1360454B01221A70BD
:103A18007CE0FB79002B07D0494B1B68474A1360B1
:103A28003F4B04221A7071E0424B00221A703C4B43
:103A380002221A706AE0414B1B68002B04D03F4BEE
:103A48001B68013B3D4A13603C4B1B68002B5FD150
:103A58003B4B1B68002B0AD0364B01221A70384B9F
:103A68001B68364A13602E4B04221A7050E0354802
:103A7800FFF7F6FB2F4B00221A70294B00221A7011
:103A880046E02E4B1B68002B04D02C4B1B68013BD7
:103A98002A4A1360294B1B68002B3BD1FB79002B6A
:103AA80018D0274B1B68002B0AD0224B01221A7012
:103AB800234B1B68214A1360194B04221A7029E012
:103AC8002048FFF7CDFB1B4B00221A70144B002235
:103AD8001A701FE0124B02221A701BE0104B1B7861
:103AE800DBB219461A48FFF7BBFB124B00221A70CB
:103AF8000D4B00221A700B4B00221A70084B002243
:103B08001A7008E000BF06E000BF04E000BF02E052
:103B180000BF00E000BF00BF0837BD4680BD00BF42
:103B2800140400201104002023040020C4000020F5
:103B380012040020220400200C0400202404002089
:103B4800C00000204CF800081304002008040020DE
:103B580074F8000880B400AF10494FF000024FF02D
:103B68000003C1E900230E4B00221A700D4B1B788D
:103B7800DAB20D4B1A700D4B00221A700C4B002252
:103B88001A700C4B00221A600B4B00221A7000238B
:103B98001846BD465DF8047B704700BF1804002036
:103BA8002004002012040020210400202204002008
:103BB80023040020240400201404002080B584B0CD
:103BC80000AF0346FB80FB88002B3FD1314B1B78AD
:103BD800DAB2314B1B789A4214BF01230023DBB2BF
:103BE800FB732C4B1B78DAB22B4B1A70FB7B002B28
:103BF8000BD02A4B00221A70294B00221A70294B2D
:103C080000221A60284B00221A70224B1B78DBB264
:103C1800012B1BD1244B1B78DBB2002B04D1234B87
:103C28001B78DBB2002B08D11F4B1B78DBB2012BB2
:103C38000CD11C4B1B68012B08D11A4B00221A60AF
:103C48001A4B00221A70184B02221A70114B1B785B
:103C5800DBB2012B07D1164B1B889BB2FA889A421C
:103C680001D1FFF741FDFB88002B05D1FFF716FEB8
:103C7800104B00221A7006E00E4B1B78002B02D066
:103C88000D4B1B7801E0054B1B7818461037BD46D5
:103C980080BD00BF1204002021040020220400205F
:103CA800230400202404002014040020C400002061
:103CB800F0030020290400202804002080B400AF6D
:103CC80026494FF000024FF00003C1E90023244BBE
:103CD80000221A70234B00221A70234B00221A70FC
:103CE800224B00221A80224B00221A70214B0022FC
:103CF8001A70214B00221A60204B00221A70204BA8
:103D080000221A701F4B00221A601F4B00221A70E3
:103D18001E494FF000024FF00003C1E900231C4B7D
:103D28004FF47A721A601B4B00221A601A4B002259
:103D38001A601A4B00221A70194B01221A70194B7B
:103D480000221A70184B00221A70184B00221A70A1
:103D580000231846BD465DF8047B70471804002010
:103D6800200400201404002021040020F003002077
:103D7800220400202304002024040020280400201A
:103D880029040020F4030020F80300200004002088
:103D9800C0000020080400200C04002010040020AB
:103DA800C400002011040020120400201304002085
:103DB80080B400AF174B1B78DBB2002B25D1164B14
:103DC8001B78DBB2002B0BD0144B1B78DBB2002B1B
:103DD80006D1134B01221A70124B01221A7014E0FB
:103DE8000E4B1B78DBB2002B0BD00B4B1B78DBB2D6
:103DF800002B06D10A4B00221A700A4B01221A70B6
:103E080003E0084B00221A70FFE700BFBD465DF8CB
:103E1800047B704712040020C40000201104002015
:103E2800280400202904002080B586B000AFF8607F
:103E3800B9607A603B600023FB7503F0FDFE3861D2
:103E4800FB681B68184604F00DF90021386803F078
:103E58006BFE0246BB681A6003F056FE02467B689A
:103E68001A60BB681B68002B0FD0BB681B6819461B
:103E7800386904F0FDFB0246FB681A60FB681B68A2
:103E8800002B04D1F623FB7501E0F823FB7597F9A5
:103E9800173018461837BD4680BD000080B584B07D
:103EA80000AFF860B9607A60FA68BB6813441B78A1
:103EB80019460848FFF7D4F9FB68002B02D0F868C8
:103EC80004F0D0F87B6800221A60002318461037E7
:103ED800BD4680BD98F8000880B584B000AFF86092
:103EE800B9607A60FA68BB6813441B7819460648BB
:103EF800FFF7B6F97B6802221A604FF0FF331846C5
:103F08001037BD4680BD00BFF4F8000880B485B006
:103F180000AF03460A46FB711346BB710523FB73CA
:103F2800FB79F02B02D90023FB7322E0FB79E32B0A
:103F380005D9FB79F02B02D80123FB7319E0FB7933
:103F4800D22B02D9FB79E22B08D9FB79C02B08D1F7
:103F5800BB79002B05D0BB79022B02D80223FB7357
:103F680007E0FB79C72B04D9FB79D22B01D80323AF
:103F7800FB73FB7B18461437BD465DF8047B70471E
:103F880080B58CB000AFF860B9607A603B60FB68C0
:103F9800BB62BB6A1B7887F82730002387F82F306D
:103FA80097F82730C02B06D1BB68012B03D9BB6A11
:103FB8005B7887F82F30364B1B78002B3ED097F86C
:103FC8002F2097F8273011461846FFF79FFF034622
:103FD800FB76002387F82E30FB7E052B23D0FB7E53
:103FE8002C4A52F823307B6100233B617B69002B0C
:103FF80019D097F827207B691046984738613B69A4
:10400800002B14BF01230023DBB287F82E3097F86A
:104018002E30002B07D03B695A687B681A603B69D1
:104028009A683B681A6097F82E30002B2CD17B6871
:10403800194A1A603B68194A1A6025E097F8273030
:10404800FF2B1BD1134B1B683B627B6800221A6055
:104058003B6800221A603B6A002B15D03B6AFF20A0
:104068009847F861FB69002B0ED0FB695A687B689A
:104078001A60FB699A683B681A6005E07B68084A21
:104088001A603B6800221A6000BF3037BD4680BD09
:104098002B04002030040020E13E00087141000894
:1040A800A53E000880B483B000AF0346FB71044A04
:1040B800FB79137000BF0C37BD465DF8047B704771
:1040C8002B04002080B400AF034B1B781846BD4674
:1040D8005DF8047B704700BF2C04002080B483B0D7
:1040E80000AF0346FB71064B1A78FB791343DAB22B
:1040F800034B1A7000BF0C37BD465DF8047B704750
:104108002C04002080B483B000AF0346FB7197F9FC
:104118000730DB435AB2074B1B785BB213405BB2E4
:10412800DAB2044B1A7000BF0C37BD465DF8047B49
:10413800704700BF2C04002080B400AF034B1B78ED
:104148001846BD465DF8047B704700BF2D0400206B
:1041580080B400AF034B1B881846BD465DF8047B4E
:10416800704700BF2E04002080B586B000AF03461C
:10417800B9607A60FB7397F90F30002B05D1BB68E3
:104188003B613B69FF221A7076E0BB687B617B6903
:10419800FE221A7097F90F3010330F2B62D801A244
:1041A80052F823F0654200085D42000855420008B5
:1041B8004D420008454200083D4200082D420008D3
:1041C80035420008254200081D4200081542000833
:1041D8000D420008F5410008ED410008FD410008C6
:1041E800054200087B6930225A7045E07B69292224
:1041F8005A7041E07B6922225A703DE07B69202297
:104208005A7039E07B6900225A7035E07B692322B5
:104218005A7031E07B6921225A702DE07B691122A6
:104228005A7029E07B6927225A7025E07B692A2287
:104238005A7021E07B6910225A701DE07B692422A4
:104248005A7019E07B6928225A7015E07B6926228A
:104258005A7011E07B6931225A700DE07B69332274
:104268005A7009E097F90F3019460548FEF7F8FF2C
:104278007B6920225A70FFE700BF1837BD4680BD12
:1042880024F9000880B487B000AF0346B9607A60AB
:10429800FB7300237B61BB68002B23D000233B61A9
:1042A80000233B6117E03A6913465B0013449B0007
:1042B8001A46BB6813441B78FA7B9A4208D13A69BC
:1042C80013465B0013449B001A46BB6813447B618A
:1042D8003B6901333B613A697B689A4202D27B6948
:1042E800002BE0D07B6918461C37BD465DF8047B7F
:1042F8007047000080B582B000AF78603960134B1A
:104308001B78002B05D01248FEF7AAFF6FF00B03AD
:1043180018E000F07BFC00F085FC03460D4A1360B2
:1043280002F052FA02F06CFA03460A4A936003F06C
:1043380045F803F04DF80346064A5360034B012243
:104348001A70002318460837BD4680BD2A0400208D
:1043580068F900083004002080B58CB002AF002353
:1043680087F82730002387F826300023FB610023D5
:10437800BB6100237B6100233B610023FB600023BA
:104388003B620023BB6000237B60554B1B78002BEE
:1043980005D15448FEF764FF6FF008039BE007F16E
:1043A800140007F1180207F11C0107F1100300932C
:1043B8000346002003F012FB034687F8273097F9DD
:1043C8002730002B09D097F9273013F1040F04D0B8
:1043D80097F9273013F1050F71D1FB69002B05D030
:1043E8007A693B691A44BB699A4203D9F82387F86A
:1043F800273067E0FA697B6913443B6239693B1DE2
:1044080007F10802386AFFF7BBFDBB68002B09D12A
:104418003B6A1B7819463448FEF722FFF42387F8D5
:1044280027304FE0BB68F869796907F10C029847B3
:10443800034687F826307B68002B3DD0FB68002BAD
:104448003AD0002387F827303A69FB689A420BD2A2
:10445800FB6807F1140207F1180107F11C00FFF7C8
:10446800E3FC034687F827303B691A460021386A7F
:104478000AF0A6FF97F92730002B1DD1FA697B694E
:1044880013443B627B68FA6897F92600396A9847B3
:10449800F969B8697B69FA680192009303460A468C
:1044A8004FF6FF71012003F041F9034687F82730E2
:1044B80097F92730002B04D197F927300BE000BF7C
:1044C80000E000BFFB69002B03D0FB69184603F02E
:1044D800C9FD97F9273018462837BD4680BD00BF6B
:1044E8002A04002098F90008C0F9000880B584B0B3
:1044F80000AF0346FB800023FB730023BB600D4B1A
:104508001B78002B05D10C48FEF7AAFE6FF00803B4
:104518000CE004F0CBFFB860FB880022B9681846AD
:1045280002F06CFB0346FB7397F90F3018461037FF
:10453800BD4680BD2A040020F0F9000880B400AF11
:10454800034B1B781846BD465DF8047B704700BFD7
:104558002B04002080B500AF0B4B1B78002B02D139
:104568000A48FEF77DFE02F04FFF02F0F1FD00F071
:1045780075FB1022002106480AF022FF024B002298
:104588001A700023184680BD2A040020E8FA0008A3
:104598003004002080B584B000AF7860786802F0FD
:1045A800B1FB0346FB7397F90F3018461037BD4629
:1045B80080BD80B584B000AF0346FB800123FB7348
:1045C800FA7BFB880021184602F018FB0346BB73F0
:1045D80097F90E3018461037BD4680BD80B584B0B7
:1045E80000AF0346FB710123FB6003F0DCFAB860FF
:1045F800FA79B968FB68B1FBF3F39A4234BF012337
:104608000023DBB218461037BD4680BD80B584B0A4
:1046180000AF78600B46FB7000F02AFBF860F96881
:104628000648FEF71DFE064B1B781A46F96878689F
:104638000AF0F8FE00BF1037BD4680BD10FB000829
:104648004804002080B588B000AFF860B9607A608F
:104658000023FB77FA68BB681344BB61BB697B61C5
:104668000023FB7402F0A6FC0346FB74FB7C002BC2
:1046780008D11A48FEF7F4FD7B6802221A606FF031
:104688000A0327E07B695B78002B03D07B695B78A2
:10469800012B01D1012300E00023FB74FB7C002BDC
:1046A8000BD17B695B7819460D48FEF7D9FD7B680D
:1046B80002221A606FF001030CE00A48FEF7D0FDF1
:1046C8000120FFF7EFFC0023FB777B6808221A60C4
:1046D80097F91F3018462037BD4680BD28FB0008D3
:1046E80074FB000898FB000880B586B000AF03464D
:1046F800B9607A60FB7397F90F30002B47D1BB681C
:104708007B610822002178690AF05AFE7B69FF2242
:104718001A7005227B695A7000227B699A7003F02F
:1047280042FA0346DAB27B69DA7003F035FA0346D7
:104738009AB27B699A807B6901229A717B6901220E
:10474800DA717B695B7819461648FEF789FD7B6943
:104758009B7819461448FEF783FD7B69DB78194678
:104768001248FEF77DFD7B699B889BB2194610486D
:10477800FEF776FD7B699B7919460E48FEF770FDBA
:104788007B69DB7919460C48FEF76AFD06E097F964
:104798000F307A68B9681846FFF7E6FC00BF18378B
:1047A800BD4680BDC0FB0008DCFB0008F8FB000824
:1047B80014FC000830FC00084CFC000880B586B0EA
:1047C80000AFF860B9607A600123FB7502F0F2FB74
:1047D8000346FB75FB7D002B08D10B48FEF740FD17
:1047E8007B6802221A606FF00A0309E00748FEF7A7
:1047F80037FD0020FFF756FC7B6801221A60002372
:1048080018461837BD4680BD68FC0008B8FC00088B
:1048180080B584B000AFF860B9607A600548FEF7EB
:104828001FFD7B6806221A60002318461037BD4614
:1048380080BD00BFE8FC000880B586B000AF034625
:10484800B9607A60FB73BB687B61062200217869D6
:104858000AF0B6FD7B69FF221A70FFF733FC0346A6
:104868001A467B695A70FFF767FC03461A467B694C
:104878009A70FFF76DFC03461A467B699A807B693C
:104888005B7819460948FEF7EBFC7B699B7819466B
:104898000748FEF7E5FC7B699B889BB219460548EB
:1048A800FEF7DEFC00BF1837BD4680BDF4FC0008EB
:1048B80018FD00083CFD000880B586B000AFF86020
:1048C800B9607A600023FB750B48FEF7C9FC02F05B
:1048D8005BFB0346FB75FB7D002B03D003F08CF9D3
:1048E80002F061FB7B6802221A606FF0040318462D
:1048F8001837BD4680BD00BF60FD000880B588B090
:1049080000AFF860B9607A600023FB77FA68BB688B
:104918001344BB61BB697B610023FB747B695A68E4
:104928007B69DB781946104600F0AEF90346FB7444
:10493800FB7C002B08D10D48FEF792FC7B68022215
:104948001A606FF00B030CE07B6959687B69DB78B0
:104958001A460748FEF784FC7B6801221A6097F91B
:104968001F3018462037BD4680BD00BF68FD0008CF
:1049780084FD000880B58AB000AFF860B9607A603D
:10498800002387F82730FA68BB6813443B623B6A08
:10499800FB610023FB7600F06BF97861FB695B78BB
:1049A8001846FFF71BFE0346FB76FB7E002B0BD158
:1049B800FB695B7819461248FEF752FC7B680222B5
:1049C8001A606FF0010316E07B69002B08D10D48CF
:1049D800FEF746FC7B6802221A606FF00B030AE0C0
:1049E800FB695A78084B1A70074B1B785A1C7B686E
:1049F8001A6097F9273018462837BD4680BD00BF92
:104A0800B8FD0008E8FD00084804002080B588B01B
:104A180000AF0346B9607A60FB7397F90F30002B3B
:104A280030D100F025F9F861BB68BB610122002193
:104A3800B8690AF0C5FCBB69FF221A70FB69002B34
:104A48001CD0164B1B7801337A689A4216D1BB6882
:104A580001337B610023FB741148FEF701FCFB7CEA
:104A680019467869FFF7D2FD0C4B1B78184600F001
:104A780029F90A4B00221A7000BF0AE00948FEF71C
:104A8800EFFB06E097F90F307A68B9681846FFF728
:104A98006BFB00BF2037BD4680BD00BF4804002027
:104AA80004FE000810FE000880B588B000AFF8606A
:104AB800B9607A600023FB77FA68BB681344BB616E
:104AC800BB697B610023FB747B695B781846FFF741
:104AD80085FD0346FB74FB7C002B0BD17B695B785F
:104AE80019461748FEF7BCFB7B6802221A606FF074
:104AF800010320E07B695A687B69DB781946104618
:104B080000F0C2F80346FB74FB7C002B08D10D486B
:104B1800FEF7A6FB7B6802221A606FF00B030AE01F
:104B28007B695A78084B1A70074B1B785A1C7B68AC
:104B38001A6097F91F3018462037BD4680BD00BF60
:104B480030FE000864FE00084804002080B588B0E4
:104B580000AF0346B9607A60FB7397F90F30002BFA
:104B680030D100F085F8F861BB68BB6101220021F3
:104B7800B8690AF025FCBB69FF221A70FB69002B93
:104B88001CD0164B1B7801337A689A4216D1BB6841
:104B980001337B610023FB741148FEF761FBFB7C4A
:104BA80019467869FFF732FD0C4B1B78184600F060
:104BB80089F80A4B00221A7000BF0AE00948FEF77C
:104BC8004FFB06E097F90F307A68B9681846FFF787
:104BD800CBFA00BF2037BD4680BD00BF4804002087
:104BE80084FE000894FE000880B582B000AF03463A
:104BF800FB71FB79072204491846FFF743FB03467C
:104C080018460837BD4680BDF01C010880B500AFC6
:104C1800034800F013F800F069F800BF80BD00BF3A
:104C2800F14B000880B400AF034B1B681846BD4623
:104C38005DF8047B704700BF4C04002080B483B04B
:104C480000AF7860044A7B68136000BF0C37BD462C
:104C58005DF8047B704700BF4C04002080B500AFAE
:104C680000F04BF80020FFF7E9FF00BF80BD00000F
:104C780080B400AF034B1B681846BD465DF8047B43
:104C8800704700BF4004002080B483B000AF786054
:104C98000B46FB70FB78002B04D17B68002B01D1FD
:104CA800002306E0064A7B681360054AFB78137107
:104CB800012318460C37BD465DF8047B704700BFDA
:104CC8004004002080B483B000AF0346FB71064B5C
:104CD8001A68FB791344044A136000BF0C37BD46B9
:104CE8005DF8047B704700BF4004002080B400AF2B
:104CF80000BFBD465DF8047B704780B400AF00BFBD
:104D0800BD465DF8047B704780B584B000AF0346AC
:104D1800FB800023FB7305F08EFE03460B4A1360ED
:104D28000B4B1B68002B0CBF01230023DBB2FB736A
:104D3800FB7B002B04D1054B1B68184605F08CFE45
:104D4800FB7B18461037BD4680BD00BF5C040020C1
:104D58005804002080B582B000AF0346FB80044BA6
:104D68001B68184605F078FE00BF0837BD4680BDB1
:104D78005C04002080B582B000AF0346FB8005F0DC
:104D88005AFE0346074A1360074B1B680133064A5D
:104D98001360044B1B68184605F05EFE00BF083719
:104DA800BD4680BD5C0400205804002080B582B058
:104DB80000AF0346FB8005F03EFE0346074A13603A
:104DC800074B1B68013B064A1360044B1B681846D7
:104DD80005F042FE00BF0837BD4680BD5C040020D8
:104DE8005804002080B483B000AF0346FB80104B0A
:104DF8001968FA8813465B001344DB000B445B799F
:104E0800022B0AD00A4B1968FA8813465B00134430
:104E1800DB000B445B79032B01D1012300E0002365
:104E2800DBB218460C37BD465DF8047B704700BFFF
:104E38005004002080B582B000AF0023FB7100232E
:104E4800BB800023BB8008E0BB881846FFF7CAFF79
:104E58000346FB71BB880133BB80094B9B88BA882A
:104E68009A4202D2FB79002BEED0FB79002B0CBFC3
:104E780001230023DBB218460837BD4680BD00BFBA
:104E88005004002080B485B000AF0346FB800B4679
:104E98007B7113463B71284B1B68002B42D0264B75
:104EA8009B88FA889A423DD2234B1968FA881346A0
:104EB8005B001344DB000B441B68002B32D01E4BF5
:104EC8001968FA8813465B001344DB000B441B790E
:104ED8007A799A4226D2184B1968FA8813465B00E9
:104EE8001344DB000B4419687A791346DB009B1ADC
:104EF8009B000B441B68002B14D00F4B1968FA88D1
:104F080013465B001344DB000B4419687A79134697
:104F1800DB009B1A9B000B441B793A799A4201D219
:104F2800012300E00023FB73FB7B18461437BD46C2
:104F38005DF8047B704700BF5004002080B485B042
:104F480000AF03463A60FB710B46BB710023FB734D
:104F5800BB79BB81FB79FF2B04D1BB89FF2B01D81F
:104F68000123FB73FB7B18461437BD465DF8047BB1
:104F7800704780B483B000AF0346FB71FB7923F020
:104F88001003002B0CBF01230023DBB218460C379B
:104F9800BD465DF8047B704780B485B000AF03461A
:104FA800FB710023FB73FB79002B05D0FB79012BE8
:104FB80002D0FB79022B01D10123FB73FB7B18463E
:104FC8001437BD465DF8047B704780B485B000AFE8
:104FD8000346FB710023FB73FB79002B05D0FB799B
:104FE800012B02D0FB79022B01D10123FB73FB7B40
:104FF80018461437BD465DF8047B704780B400AF8F
:1050080001231846BD465DF8047B704780B485B01F
:1050180000AF0346FB80164B1968FA8813465B00FD
:105028001344DB000B441B7B022B0ED1104B196879
:10503800FA8813465B001344DB000B44DA880D4BF7
:105048001B889A4201D0012300E00023FB73FB7BFD
:10505800002B04D0FB88002B01D1012300E00023A2
:10506800FB73FB7B18461437BD465DF8047B70471D
:1050780050040020D000002080B485B000AF7860D4
:105088000B46FB707B681968FA781346DB009B1A9D
:105098009B000B44BB60BB689B687A68D28902FBA3
:1050A80003F30133FB60FB78002B08D17B681B7A84
:1050B80003F01003002B02D0FB680433FB60FB688D
:1050C80018461437BD465DF8047B704780B586B036
:1050D80000AF78600023BB7400237B610023FB745E
:1050E8000023FB7415E0FB7C19467868FFF7C4FFC2
:1050F800F8600023BB600121F86802F015FDB86074
:10510800BA687B699A4201D9BB687B61FB7C013331
:10511800FB747B681B79FA7C9A42E4D37B681B7921
:105128001A4613465B0099187B6814331A46786947
:1051380003F050F80346BB7497F91230002B03D0E4
:105148007B684FF0FF325A6197F9123018461837CA
:10515800BD4680BD80B582B000AF78607B685B6972
:10516800B3F1FF3F04D07B685B69184603F044F94C
:105178007B684FF0FF325A6100BF0837BD4680BDDB
:1051880080B58AB000AFF860B9607A60002387F80C
:105198002730FA68BB6813443B623B6AFB61FB69D2
:1051A8009A78DB781B0213437B83FB691B797B7638
:1051B800FB695B793B760023FB753A7E797E7B8BB6
:1051C8001846FFF75FFE0346FB75FB7D002B0BD1EE
:1051D800798B7A7E3B7E1D48FEF742F87B68022277
:1051E8001A606FF001032CE07B8B1846FFF7FAFD7D
:1051F8000346002B0CBF01230023DBB2FB75FB7DAC
:10520800002B0AD17B8B19461148FEF729F87B68D9
:1052180002221A606FF0070313E0798B7A7E3B7ED7
:105228000C48FEF71DF80C4A7B8B13800A4A7B7EDC
:105238009370094A3B7ED3707B6801221A6097F904
:10524800273018462837BD4680BD00BFBCFE000881
:1052580000FF000830FF0008CC000020F0B58FB038
:1052680004AFF860B9607A60002387F82730FA68DD
:10527800BB6813443B623B6AFB61584B1B887B83CA
:10528800564B9B787B76554BDB783B7600237B61CE
:105298000023FB743A7E797E7B8B1846FFF7F2FD7C
:1052A8000346FB74FB7C002B0BD1798B7A7E3B7E0B
:1052B8004B48FDF7D5FF7B6802221A606FF00503A3
:1052C80087E07B8B1846FFF78DFD0346002B0CBF4C
:1052D80001230023DBB2FB74FB7C002B0AD17B8B00
:1052E80019464048FDF7BCFF7B6802221A606FF040
:1052F80007036EE0FB695878FB699978FB695B687E
:105308001A46FFF71BFE0346FB74FB7C002B1BD1E0
:10531800798B7A7E387EFB695B781C46FB699B78C3
:105328001D46FB69DB781E46FB695B6803930296A2
:105338000195009403462C48FDF792FF7B680222F2
:105348001A606FF0010344E0798B7A7E387EFB693E
:105358005B781C46FB699B781D46FB69DB781E461B
:10536800FB695B68039302960195009403461F4806
:10537800FDF776FF1E4B19687A8B13465B001344C2
:10538800DB000B4419687A7E1346DB009B1A9B00EE
:105398000B441A683B7EDB0013447B61FB695A7837
:1053A8007B691A70FB699A787B695A70FB69DA78AD
:1053B8007B699A70FB695A687B695A60074BDB788E
:1053C8000133DAB2054BDA707B6801221A6097F96B
:1053D800273018462C37BD46F0BD00BFCC00002052
:1053E80080FF0008DCFF00080C00010884000108A9
:1053F8005004002090B58DB002AFF860B9607A60B3
:10540800002387F82730FA68BB6813443B623B6A7D
:10541800FB610023BB610023FB75614B1B68002BFC
:1054280008D0FB695B889AB25D4B9B889A4201D28F
:10543800012300E00023FB75FB7D002B0CD1FB69E9
:105448005B889BB219465748FDF70AFF7B68022222
:105458001A606FF001039FE0514B1A68FB695B8883
:105468009BB219460B465B000B44DB001344BB613F
:10547800FB695B889BB21846FFF7B4FC0346002B18
:105488000CBF01230023DBB2FB75FB7D002B0CD185
:10549800FB695B889BB219464348FDF7E1FE7B68D0
:1054A80002221A606FF0070376E0FB699B889BB2C3
:1054B8007F2B94BF01230023DBB2FB75FB7D002B00
:1054C8000CD1FB699B889BB219463848FDF7C8FE8A
:1054D8007B6802221A606FF001035DE0FB69DB79EB
:1054E800002B0CBF01230023DBB2FB75FB7D002BD7
:1054F80008D12F48FDF7B4FE7B6802221A606FF0CE
:10550800010349E0FB695B781846FFF732FD034663
:10551800FB75FB7D002B0BD1FB695B781946254891
:10552800FDF79EFE7B6802221A606FF0090333E0E4
:10553800FB695B889BB21946FB695B781846FB6977
:105548009B889BB21C46FB699B791A46FB69DB79F1
:1055580001930092234602461748FDF781FEFB6936
:105568005A78BB691A72FB699B889AB2BB69DA8060
:10557800FB699A79BB695A72FB69DA79BB699A72D5
:10558800BB695B7A012B02D8BB6901225A727B681E
:1055980001221A6097F9273018462C37BD4690BD6E
:1055A80050040020F40001082401010858010108F2
:1055B80088010108C4010108F801010890B58FB0FD
:1055C80000AFF860B9607A60002387F82630FA687F
:1055D800BB6813443B623B6AFB610023BB61FB6908
:1055E8005B889BB27B61002387F837300023FB740C
:1055F8008A4B1B68002B07D0884B9B881A467B690F
:10560800934201DA012300E0002387F8373097F846
:105618003730002B09D179698148FDF721FE7B6875
:1056280002221A606FF00103B2E17E4A7B691360BF
:105638007A4B19687A6913465B001344DB000B4404
:10564800BB61FB695B781846FFF7A6FC034687F841
:10565800373097F83730002B0BD1FB695B78194648
:105668007148FDF7FDFD7B6802221A606FF009039F
:105678008EE1FFF7C3FC0346002B5AD0BB695B7968
:10568800002B56D1BB691B7A03F00203002B21D0F3
:10569800BB691B68002B09D0604BDB791A46BB69D4
:1056A8001B791344802B01DC012300E0002387F8D9
:1056B800373097F83730002B2DD0584BDA79BB6943
:1056C800DA72564BDA79BB691B791344DAB2534B59
:1056D800DA7120E0BB691B68002B09D04F4B9B791E
:1056E8001A46BB691B791344FC2B01DC012300E03B
:1056F800002387F8373097F83730002B0BD0474B0B
:105708009A79BB69DA72454B9A79BB691B7913445C
:10571800DAB2424B9A7197F83730002B09D1796980
:105728004248FDF79DFD7B6802221A606FF008036E
:105738002EE1FB695B78012B04D0FB695B78022BB7
:1057480040F0908000233B63012387F83730002323
:105758003B637CE00023FB620023BB620023FB6207
:1057680013E0BB6919683A6B1346DB009B1A9B0070
:105778000B441A68FB6ADB0013445B781A46BB6A61
:105788001344BB62FB6A0133FB62BB6919683A6B5D
:105798001346DB009B1A9B000B441B791A46FB6AD5
:1057A8009342DEDB3B6B002B17D1BB691B7A03F0FE
:1057B8001003002B11D0BB69DB891A46BB6A02FBB8
:1057C80003F35C1D02F0E8F903469C4294BF0123F1
:1057D8000023DBB287F8373010E0BB69DB891A4653
:1057E800BB6A02FB03F35C1C02F0D6F903469C4239
:1057F80094BF01230023DBB287F8373097F837309E
:10580800002B17D13A6B79690948FDF729FD7B68A8
:1058180002221A606FF00803BAE000BF50040020AB
:105828005C020108C80000208C020108BC020108C3
:10583800F8020108BB6919683A6B1346DB009B1A2A
:105848009B000B44BA6A9A603B6B01333B63BB69AC
:105858001B791A463B6B934204DA97F83730002BD2
:105868007FF478AFBB69DB881846FFF74DFA03462B
:10587800FB74FB7C002B7DD0002387F82730FB6965
:105888005B78022B53D0022B5FDC002B02D0012B5C
:1058980013D05AE079694048FDF7E2FCBB69012260
:1058A8005A71FFF7C7FA0346002B4BD00120FEF7C9
:1058B800F9FB4020FEF726FC44E079693748FDF7FC
:1058C800CFFCBB695B69B3F1FF3F22D1BB69DA88C2
:1058D800334B1B889A420CD1314B5868304B99682E
:1058E800BB6914331A4602F033FE034687F82730A3
:1058F8000FE07B69002B0CDCBB69DB88012B08D827
:10590800B869FFF7E3FB034687F82730BB69002235
:105918001A8297F92730002B16D1BB6903225A71D6
:105928000220FEF7BFFB4020FEF7D8FB0CE0FB6926
:105938005B889BB219461B48FDF792FCBB690222A3
:105948005A7102E000BF00E000BFBB69DB8818465F
:10595800FFF700FA7B6802221A6097F92730002BBC
:1059680008D01148FDF77CFC7B6802221A606FF0B2
:1059780002030DE0FB7C002B08D10C48FDF770FCFE
:105988007B6802221A606FF00A0301E097F926305B
:1059980018463C37BD4690BD5C03010888030108E2
:1059A800D0000020B4030108E00301082C0401081A
:1059B80080B586B000AF0346B9607A60FB7397F98B
:1059C8000F30002B12D1BB687B617B69FF221A70F4
:1059D8000C4B1A680C4B1B6819460B465B000B44B2
:1059E800DB001344DA7A7B695A7006E097F90F30C6
:1059F8007A68B9681846FEF7B7FB00BF1837BD4686
:105A080080BD00BF50040020C800002090B58BB0B6
:105A180000AFF860B9607A600023FB77FA68BB686A
:105A28001344BB61BB697B610023FB740023BB7417
:105A380000237B627B695B781846FFF7C6FA03464A
:105A4800FB74FB7C002B0BD17B695B781946A6485D
:105A5800FDF706FC7B6802221A606FF0090362E119
:105A6800A24B1B68002B05D0A04B9B88002B01D0B4
:105A7800012300E00023FB74FB7C002B08D19C4829
:105A8800FDF7EEFB7B6802221A606FF001034AE122
:105A980001F07AFA0346BB74BB7C002B00F0358119
:105AA800002387F8233000233B847B695B78022B33
:105AB80000F0D580022B00F30681002B02D0012BC9
:105AC8002CD000E100237B621BE0884B19687A6ABE
:105AD80013465B001344DB000B445B79002B0DD0AD
:105AE800796A8448FDF7BCFB804B19687A6A1346CB
:105AF8005B001344DB000B4401225A717B6A0133BB
:105B08007B627A4B9B881A467B6A9342DDDB0120D5
:105B1800FEF7C8FA4020FEF7F5FAD4E000237B62CE
:105B280063E0724B19687A6A13465B001344DB0022
:105B38000B445B79022B55D16C4B19687A6A134672
:105B48005B001344DB000B445B69B3F1FF3F49D1B1
:105B5800664B19687A6A13465B001344DB000B44F2
:105B6800DA88654B1B889A4214D1634B5868624B9C
:105B78009C685E4B19687A6A13465B001344DB0025
:105B88000B4414331A46214602F0E2FC034687F818
:105B9800233027E07B6A002B24DC544B19687A6A8F
:105BA80013465B001344DB000B44DB88012B19D838
:105BB8004E4B19687A6A13465B001344DB000B44AA
:105BC8001846FFF783FA034687F82330474B1968CE
:105BD8007A6A13465B001344DB000B4400221A82E6
:105BE8007B6A3B847B6A01337B62404B9B881A4605
:105BF8007B6A934203DA97F92330002B91D097F907
:105C08002330002B5CD100237B6221E0374B1968DD
:105C18007A6A13465B001344DB000B445B79022B62
:105C280013D1796A3548FDF71BFB304B19687A6A3E
:105C380013465B001344DB000B4403225A71022015
:105C4800FEF730FA4020FEF749FA7B6A01337B629F
:105C5800264B9B881A467B6A9342D7DB30E00023A9
:105C68007B621BE0214B19687A6A13465B00134478
:105C7800DB000B445B79022B0DD1796A1D48FDF7D7
:105C8800EFFA1A4B19687A6A13465B001344DB0073
:105C98000B4401225A717B6A01337B62134B9B8848
:105CA8001A467B6A9342DDDBFFF7C4F80346002BF4
:105CB80008D00120FEF7F6F94020FEF723FA01E0AC
:105CC80000BF00E000BF01F06EF997F92330002B08
:105CD80018D03B8C19460A48FDF7C2FA7B680222A5
:105CE8001A606FF002031EE07404010850040020DB
:105CF800A4040108D0040108D0000020F804010819
:105D0800200501087B6801221A60BB7C002B08D1A2
:105D18000748FDF7A5FA7B6802221A606FF00A03AC
:105D280001E097F91F3018462C37BD4690BD00BFDB
:105D38006C05010880B584B000AFF860B9607A607E
:105D48000548FDF78DFA7B6808221A60002318467B
:105D58001037BD4680BD00BFB005010880B586B0CC
:105D680000AF0346B9607A60FB73BB687B610822A9
:105D78000021786909F024FB7B69FF221A707B698E
:105D880011225A707B694FF0FF329A704FF0FF3240
:105D9800DA707B69002262F07F021A7100225A7160
:105DA8007B6900229A717B690022DA717B695B78D2
:105DB80019461048FDF754FA7B695B889BB219466F
:105DC8000D48FDF74DFA7B699B889BB219460B4835
:105DD800FDF746FA7B699B7919460948FDF740FAB1
:105DE8007B69DB7919460748FDF73AFA00BF18378F
:105DF800BD4680BDC8050108E40501080006010884
:105E08001C0601083806010880B584B000AFF860A8
:105E1800B9607A600548FDF723FA7B6808221A60A2
:105E2800002318461037BD4680BD00BF5406010840
:105E380080B586B000AF0346B9607A60FB73BB6873
:105E48007B6108220021786909F0BAFA7B69FF2290
:105E58001A707B6901225A707B69FF229A707B69EC
:105E68000122DA707B69FF221A717B6934225A7128
:105E78007B69002242F001029A710022DA717B6983
:105E88005B7819461248FDF7EBF97B699B78194650
:105E98001048FDF7E5F97B69DB7819460E48FDF7F0
:105EA800DFF97B691B7919460C48FDF7D9F97B693D
:105EB8005B7919460A48FDF7D3F97B69DB889BB201
:105EC80019460848FDF7CCF900BF1837BD4680BD14
:105ED8007006010898060108C0060108E8060108CE
:105EE800100701083C07010880B586B000AFF860CC
:105EF800B9607A600023FB750023BB750F48FDF776
:105F0800AFF901F057F80346BB75BB7D002B08D1EC
:105F18000B48FDF7A5F97B6802221A606FF00A03A7
:105F280007E00120FEF7BEF87B6801221A6097F9A6
:105F3800173018461837BD4680BD00BF64070108F2
:105F48009407010880B58CB000AFF860B9607A603A
:105F5800002387F82B30FA68BB6813447B627B6A9E
:105F68003B623B6A5B889BB2FB610023BB610023F9
:105F7800FB750023FB62514B1B68002B0CBF0123F0
:105F88000023DBB2FB75FB7D002B08D14C48FDF7E5
:105F980067F97B6802221A606FF003038AE0FB69E5
:105FA800002B05DDFB69B3F5803F01DA012300E032
:105FB8000023FB75FB7D002B09D1F9694148FDF7EA
:105FC8004FF97B6802221A606FF0010372E0FA69E8
:105FD80013465B001344DB001A46F9693A48FDF79B
:105FE8003FF9FA6913465B001344DB00184601F0D9
:105FF800C5FFB861BB69002B09D1F9693348FDF7C2
:106008002FF97B6802221A606FF0020352E0FA69E6
:1060180013465B001344DB001A460021B86909F0F7
:10602800CFF9264ABB691360FB699AB2234B9A8061
:106038000023FB6235E0FA6A13465B001344DB0079
:106048001A46BB6913444FF0FF325A61FA6A134685
:106058005B001344DB001A46BB69134400221A7321
:10606800FA6A13465B001344DB001A46BB69134403
:1060780001225A73FA6A13465B001344DB001A467E
:10608800BB6913440122DA81FA6A13465B001344A0
:10609800DB001A46BB69134400221A82FB6A0133EB
:1060A800FB62FA6AFB699A42C5DB7B6801221A60C7
:1060B80097F92B3018463037BD4680BD5004002074
:1060C800D0070108140801084408010870080108ED
:1060D80090B589B000AFF860B9607A600023FB77AB
:1060E800FA68BB681344BB61BB697B617B699A78BA
:1060F800DB781B0213437B827B691B797B7400234B
:106108003B745C4B1B68002B14BF01230023DBB2DC
:106118003B743B7C002B08D15748FDF7A1F87B68FE
:1061280002221A606FF003039FE0524B9B887A8A21
:106138009A4234BF01230023DBB23B743B7C002B23
:106148000AD17B8A19464D48FDF78AF87B680222F6
:106158001A606FF0010388E07B7C002B04D07B7C05
:10616800FC2B01D8012300E000233B743B7C002B6F
:106178000BD17B7C7A8A19464148FDF771F87B6818
:1061880002221A606FF001036FE03A4B19687A8AAD
:1061980013465B001344DB000B441B68002B0CBF49
:1061A80001230023DBB23B743B7C002B08D135482C
:1061B800FDF756F87B6802221A606FF0030354E07B
:1061C800797C788A7A7C1346DB009B1A9B0002460E
:1061D8002D48FDF745F87A7C1346DB009B1A9B0097
:1061E8001846244B19687A8A13465B001344DB006F
:1061F800CC1801F0C3FE034623601E4B19687A8A47
:1062080013465B001344DB000B441B68002B0BD1C7
:106218007B7C7A8A19461D48FDF722F87B680222A2
:106228001A606FF0020320E0124B19687A8A13464D
:106238005B001344DB000B4418687A7C1346DB00D0
:106248009B1A9B001A46002109F0BAF8094B1968F5
:106258007A8A13465B001344DB000B447A7C1A717C
:106268007B6801221A6097F91F3018462437BD460B
:1062780090BD00BF50040020A8080108E8080108E4
:1062880014090108500901088C090108C40901080A
:1062980090B58DB002AFF860B9607A60002387F8D6
:1062A8002730FA68BB6813443B623B6AFB61FB69B1
:1062B8009A78DB781B0213437B83FB691B797B7617
:1062C800FB695B793B760023FB75844B1B68002BCD
:1062D80014BF01230023DBB2FB75FB7D002B08D123
:1062E8007F48FCF7BDFF7B6802221A606FF003034A
:1062F800F0E07A4B9B887A8B9A4234BF01230023C3
:10630800DBB2FB75FB7D002B0AD17B8B19467548E8
:10631800FCF7A6FF7B6802221A606FF00103D9E040
:106328006E4B19687A8B13465B001344DB000B44F1
:106338001B68002B14BF01230023DBB2FB75FB7D18
:10634800002B08D16848FCF78BFF7B6802221A6093
:106358006FF00303BEE0614B19687A8B13465B004C
:106368001344DB000B441B797A7E9A4234BF012325
:106378000023DBB2FB75FB7D002B0AD17B7E19461F
:106388005A48FCF76DFF7B6802221A606FF0010320
:10639800A0E0524B19687A8B13465B001344DB006C
:1063A8000B4419687A7E1346DB009B1A9B000B444A
:1063B8001B68002B0CBF01230023DBB2FB75FB7DA0
:1063C800002B08D14A48FCF74BFF7B6802221A6071
:1063D8006FF003037EE03B7E002B14BF01230023F4
:1063E800DBB2FB75FB7D002B0BD1397E7A7E7B8B74
:1063F8004048FCF735FF7B6802221A606FF0010302
:1064080068E0397E7A8B787E3B7EDB00009303461A
:106418003948FCF725FF3B7ED800304B19687A8B4A
:1064280013465B001344DB000B4419687A7E13465D
:10643800DB009B1A9B00CC1801F0A0FD03462360EB
:10644800264B19687A8B13465B001344DB000B4418
:1064580019687A7E1346DB009B1A9B000B441B6865
:10646800002B0BD1397E7A8B7B7E2448FCF7F8FE13
:106478007B6802221A606FF002032BE0174B196841
:106488007A8B13465B001344DB000B4419687A7E51
:106498001346DB009B1A9B000B4418683B7EDB000D
:1064A8001A46002108F08CFF0C4B19687A8B1346AA
:1064B8005B001344DB000B4419687A7E1346DB004B
:1064C8009B1A9B000B443A7E1A717B6801221A6062
:1064D80097F9273018462C37BD4690BD5004002048
:1064E800040A0108480A01087C0A0108BC0A0108D4
:1064F800E80A0108340B0108840B0108D00B0108D5
:1065080080B485B000AFF860B9607A607B68022219
:106518001A606FF00F0318461437BD465DF8047B08
:106528007047000080B58AB000AFF860B9607A6043
:10653800002387F82730FA68BB6813443B623B6A3C
:10654800FB61FB699A78DB781B0213437B83FB6949
:106558001B797B76FB695B793B76FB699A79DB79FA
:106568001B021343FB8201237B756C4B1B68002BBA
:1065780014BF01230023DBB27B757B7D002B08D180
:106588006748FCF76DFE7B6802221A606FF0030310
:10659800C0E0624B9B887A8B9A4234BF0123002368
:1065A800DBB27B757B7D002B0AD17B8B19465D485E
:1065B800FCF756FE7B6802221A606FF00103A9E01F
:1065C8007B8B002B0CBF01230023DBB27B757B7D0B
:1065D800002B0AD17B8B19465348FCF741FE7B6898
:1065E80002221A606FF0090394E07B7E002B02D030
:1065F8007B7E022B01D1012300E000237B757B7D8C
:10660800002B0AD17B7E19464848FCF729FE7B6897
:1066180002221A606FF009037CE03B7E012B0CBF5D
:1066280001230023DBB27B757B7D002B0AD13B7EE7
:1066380019463F48FCF714FE7B6802221A606FF087
:10664800090367E07B7E002B02D1FB8A012B05D072
:106658007B7E002B04D0FB8A012B01D9012300E0AB
:1066680000237B757B7D002B0AD1FB8A19463148B4
:10667800FCF7F6FD7B6802221A606FF0090349E017
:106688007B8B1846FEF7AEFB0346002B0CBF01239D
:106698000023DBB27B757B7D002B08D12648FCF7F5
:1066A800DFFD7B6802221A606FF0070332E0797E13
:1066B8003A7EFB8A2148FCF7D3FD184B19687A8B80
:1066C80013465B001344DB000B447A7E1A73134BAA
:1066D80019687A8B13465B001344DB000B443A7E3F
:1066E8005A730E4B19687A8B13465B001344DB0010
:1066F8000B44FA8ADA81094B19687A8B13465B00D6
:106708001344DB000B4400221A827B6801221A60C2
:1067180097F9273018462837BD4680BD5004002019
:10672800200C0108680C0108A00C0108040D0108E0
:10673800400D0108840D0108C80D0108240E010848
:1067480080B588B000AFF860B9607A600023FB7745
:10675800FA68BB681344BB61BB695B78012B0CBF4B
:1067680001230023DBB2FB75FB7D002B0BD1BB693A
:106778005B7819460A48FCF773FD7B6802221A60A9
:106788004FF0FF3308E07A68B968F868FFF7CAFE87
:106798000346FB7797F91F3018462037BD4680BD62
:1067A800740E010880B582B000AF0346FB71FB7917
:1067B8000D2204491846FDF765FD034618460837BB
:1067C800BD4680BD441D010880B500AF084B0022BE
:1067D8001A60084B00221A6008220021064808F0B7
:1067E800EFFD064800F018F800F0C2FC00BF80BDBD
:1067F8005C0400205804002050040020AD67000805
:1068080080B400AF034B1B681846BD465DF8047B97
:10681800704700BF6004002080B483B000AF786088
:10682800044A7B68136000BF0C37BD465DF8047BE3
:10683800704700BF6004002080B584B000AF0346F5
:10684800FB800023FB600023BB60224B1B68002BEE
:1068580004D0204B9B88FA889A4205D31E48FCF73F
:10686800FFFC4FF0FF3331E01A4B1968FA881346E2
:106878005B001344DB000B44BB60FB881846FEF743
:10688800C5FB0346002B03D0BB681B8A002B01D134
:1068980000231BE00023FB600EE0BB681968FA6860
:1068A8001346DB009B1A9B000B44DB68184601F07B
:1068B800D9FBFB680133FB60BB681B791A46FB6890
:1068C8009342EADBBB6800221A820023184610377D
:1068D800BD4680BD50040020AC0E010880B487B0CE
:1068E80000AFF8600B467A60FB72FB681968FA7AA9
:1068F8001346DB009B1A9B000B443B613B695B69B9
:106908007B613B6900229A61FB68DA7AFB7A13445F
:10691800DAB27B691A707B6901337B61FB7A002BE1
:1069280011D1FB681B7A03F01003002B0BD07A6897
:106938007B691A603B699B6904337A6913447B61FC
:106948003B6900229A613B697A695A6100BF1C372A
:10695800BD465DF8047B704780B588B000AF7860AD
:106968000023FB777B685B69BB610023FB7735E01D
:106978007B681A68FB7FDB0013447B617B695B687B
:106988003B617B691B78FF2B12D03B69FB60FB687E
:106998001B687A691278114601228A401340002B3D
:1069A80014BF01230023DBB21A46BB691A7006E044
:1069B8007B695B781A463969B86908F033FD7B69E9
:1069C8005B781A467B689B691344BA691344BB61B8
:1069D8007B6800229A61FB7F0133FB777B681B7918
:1069E800FA7F9A42C4D37B68BA695A6100BF2037DC
:1069F800BD4680BD80B58EB002AF0346B9607A60EF
:106A0800FB81002387F82F30002387F82E300023DE
:106A1800BB62002387F82D30002387F82730002336
:106A280087F82630724B1B68002B04D0704B9B886C
:106A3800FA899A4205D36F48FCF712FC4FF0FF33EE
:106A4800D1E06B4B1968FA8913465B001344DB00ED
:106A58000B44BB62FB891846FEF7D8FA034687F851
:106A6800273097F82730002B06D0BB6A1B8A0133E2
:106A7800BA6AD289934201D1012300E0002387F842
:106A88002630002387F82D3093E0BB6A196897F801
:106A98002D201346DB009B1A9B000B443B6201F040
:106AA80033F8F8610023BB6197F82730002B03D037
:106AB800BB6A1B8A002B01D1012300E00023FB7570
:106AC800FB7D002B3CD097F82D301946B86AFEF7AD
:106AD800D3FA02463B6A1A613B6A1B6901211846D0
:106AE80001F022F8B861BB6A5B69B3F1FF3F09D0D6
:106AF800BB6A5B69B969184601F0BAFD02463B6A90
:106B0800DA6005E0B86901F039FA02463B6ADA60F2
:106B18003B6ADB68002B0DD03B6ADA68FB691A44D4
:106B28003B6A5A6197F82D30BA681946B86AFFF778
:106B3800D5FE05E0012387F82E30F62387F82F309D
:106B480097F82E30002B2FD13B6ADB68002B2BD017
:106B5800BB6ADA88284B1B889A4202D0386AFFF74A
:106B6800FBFE97F82630002B1ED03B6A1B690121DB
:106B7800184600F0D9FFB8613B6ADA683B6A1B69BE
:106B8800F9890193FB690093BB69786800F0CEFD31
:106B9800034687F82F3097F92F30002B04D03B6A33
:106BA800DB68184601F05EFA97F82D30013387F854
:106BB8002D30BB6A1B7997F82D209A4204D297F89A
:106BC8002E30002B3FF461AFBB6A1B8A0133BA6ACF
:106BD800D28993FBF2F101FB02F29B1A9AB2BB6ACB
:106BE8001A8297F92F3018463037BD4680BD00BF4E
:106BF80050040020AC0E0108D000002080B586B0FB
:106C080000AF03463960FB8013467B710023FB7598
:106C1800FB881846FEF7AEF8394B1B68002B64D08A
:106C2800374B9B88002B60D00023BB82344B1B68FA
:106C38003B610023BB824FE0BA8A13465B001344D2
:106C4800DB001A463B6913441B7A03F00203002B4E
:106C58003FD1BA8A13465B001344DB001A463B69EE
:106C680013445B79032B34D1BA8A13465B0013446F
:106C7800DB001A463B691344DB88FA889A4228D11C
:106C8800BB8A1946002000F037FD0346FB73FB7BE7
:106C9800002B01D0002301E04FF0FF33BB607B796C
:106CA800002B06D0BB8A1846FFF7C6FD0346FB75C6
:106CB80007E0BB8ABA6839681846FFF79BFE0346A7
:106CC800FB75FB7B002B04D0BB8A1946002000F023
:106CD80020FDBB8A0133BB82094B9B88BA8A9A4242
:106CE80003D297F91730002BA6D0FB881846FEF779
:106CF8005DF897F9173018461837BD4680BD00BFB4
:106D08005004002080B58EB002AF7860002387F869
:106D18002F309C4B1B68002B00F02E8100F034F9BB
:106D2800034687F8293097F82930002B00F0218195
:106D3800944B1B687B62934B9B883B620023BB850B
:106D48000023BB850DE1BB8D1846FEF75FF90346AE
:106D5800FB77FB7F002B00F00181BA8D13465B00A7
:106D68001344DB001A467B6A13445B79032B40F01B
:106D7800F580BA8D13465B001344DB001A467B6A24
:106D880013441B8A002B00F0E980BB8D19460020B4
:106D980000F0B2FC0346BB77BB7F002B01D0002379
:106DA80001E04FF0FF33BB6100237B8500237B8527
:106DB800BCE0BA8D13465B001344DB001A467B6ABD
:106DC800134419687A8D1346DB009B1A9B000B4409
:106DD800DB68002B00F0A780BA8D13465B001344D4
:106DE800DB001A467B6A134419687A8D1346DB0068
:106DF8009B1A9B000B441B690121184600F094FE66
:106E0800786100F081FE3861BA8D13465B00134447
:106E1800DB001A467B6A134419687A8D1346DB0037
:106E28009B1A9B000B44DA683B691344FB60BA8DDC
:106E380013465B001344DB001A467B6A1344196847
:106E48007A8D1346DB009B1A9B000B441969BA8D97
:106E580013465B001344DB001A467B6A1344186828
:106E68007A8D1346DB009B1A9B0003445A69FB6822
:106E7800D31ACB1ABB60BA8D13465B001344DB00F0
:106E88001A467B6A134419687A8D1346DB009B1AED
:106E98009B000B445B69BA680021184608F090FA19
:106EA800BA8D13465B001344DB001A467B6A134411
:106EB80019687A8D1346DB009B1A9B000B44D8682F
:106EC800BA8D13465B001344DB001A467B6A1344F1
:106ED80019687A8D1346DB009B1A9B000B441B69CB
:106EE800B98D01933B6900937B690246B86900F04C
:106EF8001DFC034687F82F3097F92F30002B12D04E
:106F0800BA8D13465B001344DB001A467B6A1344B0
:106F180019687A8D1346DB009B1A9B000B44DB68CB
:106F2800184601F09FF87B8D01337B85BA8D134697
:106F38005B001344DB001A467B6A13441B791A462C
:106F48007B8D9342FFF435AFBA8D13465B00134433
:106F5800DB001A467B6A134400221A82BB8D013378
:106F6800BB85BB8D3A6A9A423FF7EDAE00F01BF83D
:106F780002E0FA2387F82F3097F92F301846303778
:106F8800BD4680BD5004002080B582B000AF01230B
:106F9800FB710020FDF7B8FE0346FB71FB7918462C
:106FA8000837BD4680BD80B500AF0020FDF7D2FE92
:106FB80000BF80BD80B586B000AF0123FB75614B73
:106FC8001B68002B00F0B9805E4B1B68BB605D4BF3
:106FD8009B887B60FFF7D8FF0346FB75FB7D002B82
:106FE80000F0AB8000233B610023FB60554B00227F
:106FF8001A60544B00229A80524B00229A71514BCE
:107008000022DA71504B4FF0FF321A60FFF7CBFFC6
:1070180000F0D0FD00233B6184E03A6913465B0031
:107028001344DB001A46BB681344DA88474B1B88B5
:107038009A420CD13A6913465B001344DB001A46A6
:10704800BB6813445B69184601F0E0FA18E03B6935
:10705800002B15DC3A6913465B001344DB001A4623
:10706800BB681344DB88012B0AD83A6913465B00D6
:107078001344DB001A46BB6813441846FEF76AF847
:107088003A6913465B001344DB001A46BB68134495
:107098001B68002B43D00023FB6027E03A691346A6
:1070A8005B001344DB001A46BB6813441968FA688E
:1070B8001346DB009B1A9B000B441B68002B12D065
:1070C8003A6913465B001344DB001A46BB68134455
:1070D8001968FA681346DB009B1A9B000B441B686F
:1070E800184600F0BFFFFB680133FB603A6913469E
:1070F8005B001344DB001A46BB6813441B791A462D
:10710800FB689342CADB3A6913465B001344DB0011
:107118001A46BB6813441B68184600F0A3FF3B6976
:1071280001333B613A697B689A42FFF676AFB868EB
:1071380000F098FF4020FCF7E5FFFB7D1846183764
:10714800BD4680BD50040020C8000020D0000020AB
:1071580080B500AFFFF72EFF00F011F80020FFF711
:107168005BFB024B00221A6000BF80BD5C0400205C
:1071780080B400AF00BFBD465DF8047B704780B4A3
:1071880000AF00BFBD465DF8047B704780B584B092
:1071980000AF0346FB710123FB6000F004FDB860FB
:1071A800FA79BB68A3F10801FB68B1FBF3F39A42D3
:1071B80094BF01230023DBB218461037BD4680BDBB
:1071C80080B584B000AF0346FB710123FB6000F07B
:1071D800EAFCB860FB79002B09D0FA79BB68991EE4
:1071E800FB68B1FBF3F39A4201D8012300E00023C6
:1071F800DBB218461037BD4680BD000080B584B0AC
:1072080000AF78600B46FB70FDF732FDF860F96857
:107218000648FCF725F8FB781A467968F86808F0FC
:1072280001F900BF1037BD4680BD00BFCC0E010874
:1072380080B58AB000AFF860B9607A60002387F83B
:107248002730FA68BB6813443B623B6AFB61002342
:10725800FB76FDF70DFD7861FB695B781846FFF753
:10726800AFFF0346FB76FB7E002B0BD1FB695B78F7
:1072780019461848FBF7F4FF7B6802221A606FF082
:10728800010323E07B69002B02D07B69002B08D126
:107298001148FBF7E5FF7B6802221A606FF00B03C9
:1072A80014E00E48FBF7DCFF3B6A9A1CFB695B782D
:1072B80019461046FFF7A2FFFB695B781846FDF7F1
:1072C80001FD7B6801221A6097F927301846283794
:1072D800BD4680BDE40E0108140F0108300F0108F7
:1072E80080B588B000AFF860B9607A600023FB779A
:1072F800FA68BB681344BB61BB697B610023FB74FC
:107308007B695B781846FFF741FF0346FB74FB7CFB
:10731800002B0BD17B695B7819461C48FBF7A0FF53
:107328007B6802221A606FF001032BE07B695A68C0
:107338007B69DB7819461046FDF7A6FC0346FB740B
:10734800FB7C002B08D11248FBF78AFF7B680222DE
:107358001A606FF00B0315E00E48FBF781FFBB695D
:1073680003F108027B695B7819461046FFF746FF70
:107378007B695B781846FDF7A5FC7B6801221A60DB
:1073880097F91F3018462037BD4680BD3C0F0108CD
:10739800740F0108980F010880B582B000AF03464A
:1073A800FB71FB79022204491846FCF76BFF034680
:1073B80018460837BD4680BDE01D010880B500AFFE
:1073C800024800F011F800BF80BD00BFA17300089B
:1073D80080B400AF034B1B681846BD465DF8047BBC
:1073E800704700BF6404002080B483B000AF7860A9
:1073F800044A7B68136000BF0C37BD465DF8047B08
:10740800704700BF6404002080B400AF00BFBD46D1
:107418005DF8047B704780B483B000AF78607B6808
:1074280000221A607A687B685A6000BF0C37BD4634
:107438005DF8047B704780B483B000AF7860396032
:107448003B6800221A607B685B683A681A603A6891
:107458007B685A6000BF0C37BD465DF8047B7047F7
:1074680080B483B000AF786039607B681A683B6885
:107478001A607B681B68002B0BD07B681B681A6836
:107488007B681A607B681B68002B02D17A687B686E
:107498005A6000BF0C37BD465DF8047B704780B466
:1074A80083B000AF786039607B681A683B681A60FF
:1074B8007B681B68002B02D13A687B685A607B683E
:1074C8003A681A6000BF0C37BD465DF8047B704708
:1074D80080B582B000AF78607868FFF79CFF00BF86
:1074E8000837BD4680BD000080B582B000AF0023DC
:1074F8003B600023FB8003F09EFA0346134A1360A7
:107508000023FB8015E0FB88DB00114A13443A4650
:1075180011461846FFF7A4FF3B68002B03D03B68D1
:10752800184600F09FFD3B68002BECD1FB88013327
:10753800FB80FB88012BE6D9044B1B68184603F037
:107548008BFA00BF0837BD4680BD00BF7804002015
:107558006804002080B582B000AF00233B600023A0
:107568007B6003F068FA0346134A136000237B60CC
:1075780015E07B68DB00114A13443A461146184669
:10758800FFF76EFF3B68002B03D03B68184600F0FE
:1075980069FD3B68002BECD17B6801337B607B681D
:1075A800002BE6DD044B1B68184603F055FA00BFB4
:1075B8000837BD4680BD00BF840400207C0400203D
:1075C80080B586B000AF7860396000237B750023F2
:1075D800FB823F4B1B78002B05D03E48FBF740FE53
:1075E8006FF00B036FE00023FB8209E0FB8ADB00EE
:1075F800394A13441846FFF70EFFFB8A0133FB8212
:10760800FB8A012BF2D9354B00221A600023FB823A
:1076180009E0FB8ADB00324A13441846FFF7FBFEF9
:10762800FB8A0133FB82FB8A002BF2D02D4B002210
:107638001A6000F0B9FB03467B7597F91530002BEB
:1076480008D097F9153019462748FBF709FE97F92E
:10765800153038E000F0A7FA38610021386900F0E9
:1076680063FAF860214A0221F86800F0B3FD034686
:107678007B7597F91530002B08D097F91530194606
:107688001B48FBF7EDFD97F915301CE0174B1B68FD
:10769800184601F02BFE3968786801F03BFB034679
:1076A8007B7597F91530002B08D097F915301946D6
:1076B8001048FBF7D5FD97F9153004E0044B01227B
:1076C8001A7097F9153018461837BD4680BD00BFA7
:1076D80088040020AC0F010868040020780400200A
:1076E8007C04002084040020E40F0108DC00002052
:1076F800341001088810010880B483B000AF7860A6
:107708000B467B80012318460C37BD465DF8047B89
:10771800704780B483B000AF78600B467B8000234D
:1077280018460C37BD465DF8047B704780B58AB0B3
:1077380000AFF8607A603B600B467B8100237B6278
:1077480000233B620023FB6100237B610023FB765F
:10775800FB68B3F1FF3F0BD0FB68002B02DBFB6833
:10776800012B05DD3848FBF77BFD4FF0FF3366E062
:107778007B68002B05D13548FBF772FD4FF0FF33CE
:107788005DE000F0C1F902463B6B934205D03048FA
:10779800FBF766FD4FF0FF3351E07B6B002B05D103
:1077A8002C48FBF75DFD4FF0FF3348E03A6B7B6BED
:1077B80013443A689A4205D22748FBF751FD4FF027
:1077C800FF333CE0254B1B78002B05D12448FBF701
:1077D80047FD6FF0080332E07B687B627B68083303
:1077E8003B623B68083BFB6103F025F903461D4AF1
:1077F800136007F114027B6BF969386A01F046FCE3
:107808000346FB7697F91B30002B06D097F91B30FF
:1078180019461548FBF724FD0AE07A697B6A5A6025
:10782800FB68DB00114A1344796A1846FFF703FE28
:107838000C4B1B68184603F00FF997F91B301846D4
:107848002837BD4680BD00BFD410010800110108CB
:107858002C1101085C1101088C1101088804002012
:10786800BC11010878040020F81101086804002000
:1078780080B584B000AF0023FB7300237B60002336
:107888003B600123BB60314B1B78002B05D130488E
:10789800FBF7E6FC6FF0080354E003F0CCF803466E
:1078A8002C4A1360BB68DB002B4A13443A46114646
:1078B8001846FFF7D5FD274B1B68184603F0CCF890
:1078C8003B68002B14D103F0B6F80346214A136035
:1078D8000023BB60BB68DB001F4A13443A461146CD
:1078E8001846FFF7BDFD1B4B1B68184603F0B4F89C
:1078F8003B68002B22D03B685B687B603B687A68FA
:107908000821184601F03EFA0346FB7397F90F3039
:10791800002B15D003F08FF803460E4A1360BB689E
:10792800DB000D4A13443A6811461846FFF7B7FDC5
:10793800084B1B68184603F08FF801E0FE23FB7321
:1079480097F90F3018461037BD4680BD88040020CF
:107958003C120108780400206804002080B584B037
:1079680000AF0023FB730023BB6000237B60174B31
:107978001B78002B05D11648FBF772FC6FF0080343
:1079880020E007F108023B1D0821184601F0BEFA65
:107998000346FB7397F90F30002B11D17B68BA6847
:1079A8005A6003F048F803460A4A13607B68194690
:1079B8000948FFF740FD074B1B68184603F04CF8D1
:1079C80097F90F3018461037BD4680BD880400204F
:1079D80070120108840400207C04002080B588B05F
:1079E80000AFF860B9607A603B6000233B61002318
:1079F800FB610023BB610023FB75FB68002B02DBE6
:107A0800FB68002B05DD3748FBF72AFC4FF0FF33F6
:107A180064E0BB68002B05D13348FBF721FC4FF02D
:107A2800FF335BE07B68002B05D13048FBF718FC7F
:107A38004FF0FF3352E03B68002B05D12C48FBF791
:107A48000FFC4FF0FF3349E0BB6A002B05D12948F2
:107A5800FBF706FC4FF0FF3340E0274B1B78002B69
:107A680005D12648FBF7FCFB6FF0080336E002F06F
:107A7800E2FF0346224A1360FB68DB00214A1344F5
:107A880007F1100211461846FFF7EAFC1C4B1B6869
:107A9800184602F0E1FF3B69002B02D16FF00103A9
:107AA8001CE03B690833FB613B695B68BB61BA6AF0
:107AB800B969F86901F034FB0346FB753A69BB689C
:107AC8001A603B695B6803F108027B681A6000F082
:107AD8001BF802463B681A6097F91730184620379A
:107AE800BD4680BDA4120108D01201080413010884
:107AF8003C1301087413010888040020AC13010822
:107B0800840400207C04002080B582B000AF0823E4
:107B18007B6001F0B1FB02467B6813447B607B68A5
:107B280018460837BD4680BD80B584B000AF786080
:107B38000B46FB700023FB600023BB60FB78002B27
:107B480003D101F0B2FB034602E001F0A5FB0346B6
:107B5800BB607A68BB689A4204D90E48FBF780FB81
:107B6800002312E00823FB6001F086FB0246FB6855
:107B78001344FB60FA687B681344FB6001F084FBE4
:107B88000246FB681344FB60FB6818461037BD4685
:107B980080BD00BFE813010880B500AF01F07CFB91
:107BA8000346184680BD80B500AF01F07EFB034652
:107BB800184680BD80B582B000AF0023FB7101F08C
:107BC8007DFB0346FB7197F90730002B08D097F926
:107BD800073019460748FBF743FB97F9073005E0DC
:107BE800FFF782FCFFF7B6FC97F90730184608370D
:107BF800BD4680BD1414010880B582B000AF0023D3
:107C0800FB7101F05BFB0346FB7197F90730002B12
:107C180008D097F9073019460648FBF721FB97F972
:107C2800073003E0FFF760FC97F90730184608377C
:107C3800BD4680BD1414010880B400AF034B1B6817
:107C48001846BD465DF8047B704700BFDC00002085
:107C580080B582B000AF0023FB7000237B602E4B01
:107C68001B78002B04D12D48FBF7FAFA00234FE0CC
:107C780001F04CFB0346FB7097F90330002B08D04A
:107C880097F9033019462648FBF7EAFA97F90330C3
:107C98003EE0FFF729FCFFF75DFC224B1B68184606
:107CA80000F0AAFB00F09CFD0346FB7097F9033037
:107CB800002B08D097F9033019461B48FBF7D0FA78
:107CC80097F9033024E000237B6009E07B68DB0040
:107CD800164A13441846FFF7FBFB7B6801337B60A9
:107CE8007B68012BF2DD00237B6009E07B68DB0009
:107CF8000F4A13441846FFF7EBFB7B6801337B60A0
:107D08007B68002BF2DD044B00221A7097F90330D0
:107D180018460837BD4680BD880400205C14010859
:107D280090140108DC000020D41401086804002025
:107D38007C04002080B588B000AFF860B9607A6034
:107D4800FB68002B2BD00023FB61BB681A1D7B68E6
:107D580002FB03F37B617A690021F86807F030FBC6
:107D68000023BB6117E0FB683B613B6900225A6056
:107D78003B69FF221A70FB69002B02D0FB693A6944
:107D88005A60BB680433FA681344FB603B69FB61C3
:107D9800BB690133BB61BA697B689A42E3D300BF10
:107DA8002037BD4680BD000080B584B000AF6B4B66
:107DB800033323F00303BB60694B00221A600322DC
:107DC8006849694800F006FF0023FB735CE0FB7B11
:107DD800644A52F823307B60FB7B634A52F82330B5
:107DE8003B60FA7B614913465B001344DB000B449C
:107DF800BA681A60FA7B5D4913465B001344DB00DE
:107E08000B4408337A681A60FA7B584913465B00BA
:107E18001344DB000B4404337A681A60FA7B534935
:107E280013465B001344DB000B440C333A681A60BA
:107E38003B680433FA7B796803FB01F14B4813462E
:107E48005B001344DB00034410331960FA7B474995
:107E580013465B001344DB000B44143300221A6002
:107E68007A683968B868FFF765FFFA7B3F491346B7
:107E78005B001344DB000B4410331B68BA681344DF
:107E8800BB60FB7B0133FB73FB7B022B9FD940F666
:107E98003B620021364807F093FA364B00221A60FD
:107EA8000323FB733DE0FA7B304913465B00134420
:107EB800DB000B4400221A60FA7B2C4913465B0056
:107EC8001344DB000B44083300221A60FA7B27496D
:107ED80013465B001344DB000B44043300221A6092
:107EE800FA7B224913465B001344DB000B440C3336
:107EF80000221A60FA7B1D4913465B001344DB001D
:107F08000B44103300221A60FA7B184913465B00B1
:107F18001344DB000B44143300221A60FB7B01334B
:107F2800FB73FB7B072BBED90023FB730DE0FB7BA8
:107F3800114A002142F83310FB7B0F4ADB0013443F
:107F480000225A60FB7B0133FB73FB7B002BEED0D6
:107F5800002318461037BD4680BD00BF54050020D9
:107F68005C180020EC000020E00000208C040020B9
:107F78001C0A0020581800204C05002080B586B047
:107F880000AF78600023FB6000233B617B68002B17
:107F980001D100235BE002F04EFD03462E4A136038
:107FA8000023FB7520E0FB7D2C4A52F82330FB6050
:107FB8007A68FB689A4214D8FA7D294913465B000F
:107FC8001344DB000B4404331B68002B09D0FA7DF3
:107FD800234913465B001344DB000B441B683B61D9
:107FE80005E0FB7D0133FB75FB7D022BDBD93B698B
:107FF800002B06D1184B1B68184602F02DFD0023F4
:1080080025E0FA7D3B695968154813465B0013441F
:10801800DB0003441960FA7D114913465B001344E1
:10802800DB000B4404331B68591E0D4813465B00E4
:108038001344DB000344043319603B69FA7D1A706A
:10804800054B1B68184602F007FD3B6904331846C8
:108058001837BD4680BD00BF5C180020E000002036
:108068008C04002090B585B000AF78607B68002B49
:1080780000F0A4807B68043BFB60FB681B78FB7204
:10808800FB7A072B17D9FB7A082B14D8FB7A083B05
:10809800FB72FB7A4B4ADB0013445B68002B00F051
:1080A8008C80FB7A474ADB0013445B687A68043AA1
:1080B8001046984781E0FB7AFF2B02D0FB7A072B0A
:1080C80004D979684048FBF7CBF877E0FB7A022BB4
:1080D80032D802F0B0FC03463C4A1360FB68FF222A
:1080E8001A70FA7A3A4913465B001344DB000B44D2
:1080F8001A68FB685A60FA7A354913465B001344DC
:10810800DB000B44FA681A60FA7A314913465B00BF
:108118001344DB000B4404331B68591C2C481346DA
:108128005B001344DB00034404331960274B1B68CE
:10813800184602F091FC41E0FC7A02F07CFC024611
:10814800234923465B002344DB000B4414331A60A5
:10815800FB68FF221A70FA7A1D4913465B00134424
:10816800DB000B441A68FB685A60FA7A1849134610
:108178005B001344DB000B44FA681A60FA7A14496E
:1081880013465B001344DB000B4404331B68591C83
:108198000F4813465B001344DB00034404331960A3
:1081A800FA7A0B4913465B001344DB000B44143383
:1081B8001B68184602F050FC00E000BF1437BD46AB
:1081C80090BD00BF4C0500201C1501085C1800205C
:1081D8008C04002080B58AB000AFF860B9607A607E
:1081E800804B033323F003033B620023FB774FF0FC
:1081F800FF33BB617B68002B05D0FB68002B02D0E6
:10820800BB68002B05D17848FBF72AF84FF0FF33FD
:10821800E3E0FB68033323F00303FB60FB681A1DEC
:10822800BB6802FB03F37B6102F005FC03466F4A5F
:108238001360032387F82730B8E097F827206C49A4
:1082480013465B001344DB000B441B68002B40F013
:108258009B8097F82720664913465B001344DB0090
:108268000B4410331B68002B4DD1624B1B68C3F5C0
:10827800636308337A699A4200F29E8097F8272050
:108288005B4913465B001344DB000B443A6A1A60EF
:1082980097F82720564913465B001344DB000B442C
:1082A8000833BA681A6097F82720514913465B00CB
:1082B8001344DB000B440433BA681A6097F827208C
:1082C8004B4913465B001344DB000B440C33FA683C
:1082D8001A6097F82720464913465B001344DB00D1
:1082E8000B4410337A691A60BA68F968386AFFF77C
:1082F80021FD404B1A687B6913443E4A136097F886
:108308002730BB6158E097F82720394913465B00AE
:108318001344DB000B4410331B687A699A4233D844
:1083280097F82720324913465B001344DB000B44BF
:108338003A6A1A6097F827202D4913465B001344C0
:10834800DB000B440833BA681A6097F827202849DD
:1083580013465B001344DB000B440433BA681A600D
:1083680097F82720224913465B001344DB000B448F
:108378000C33FA681A60BA68F968386AFFF7DAFCE9
:1083880097F82730BB6118E097F82720184913465B
:108398005B001344DB000B4410331B683A6A134438
:1083A8003B6297F82730013387F8273097F8273052
:1083B800072B7FF642AF00E000BF0C4B1B68184646
:1083C80002F04AFBBB69B3F1FF3F01D1F623FB770B
:1083D8007B68BA691A6097F91F3018462837BD4676
:1083E80080BD00BF1C0A00204C1501085C18002045
:1083F8008C0400205818002080B584B000AF786045
:108408000123BB737B68022B02DD7B68072B05DD2C
:108418004B48FAF725FF4FF0FF338CE002F00BFBD7
:108428000346484A13600723FB731AE0FA7B464960
:1084380013465B001344DB000B441B68002B0AD176
:10844800FA7B414913465B001344DB000B441033AD
:108458001B68002B02D00023BB7306E0FB7B013BAB
:10846800FB73FB7B7A689A42E0DB37497A681346EC
:108478005B001344DB000B4400221A6032497A681F
:1084880013465B001344DB000B44083300221A60D8
:108498002D497A6813465B001344DB000B44043310
:1084A80000221A6028497A6813465B001344DB00EF
:1084B8000B440C3300221A60BB7B002B35D00323FE
:1084C800FB732FE0FA7B204913465B001344DB0063
:1084D8000B441B68002B22D1FA7B1B4913465B0017
:1084E8001344DB000B4410331B68002B17D0174BC9
:1084F8001968FA7B144813465B001344DB000344F5
:1085080010331B68CB1A114A1360FA7B0E491346C5
:108518005B001344DB000B44103300221A60FB7B22
:108528000133FB73FB7B072BCCD9064B1B68184622
:1085380002F092FA002318461037BD4680BD00BFEE
:10854800801501085C1800208C04002058180020B1
:1085580080B586B000AFF860B9607A600023FB751B
:108568004FF0FF333B617B68002B05D0FB68002B85
:1085780002D0BB68002B05D12148FAF771FE4FF0F5
:10858800FF3339E002F057FA03461E4A136000230E
:10859800BB751EE0BB7D1C4A52F83330002B15D149
:1085A800BB7D194ADB0013445B68002B0ED1BB7DF1
:1085B80008333B61BB7D1449FA6841F83320BB7D21
:1085C800114ADB001344BA685A6005E0BB7D0133E9
:1085D800BB75BB7D002BDDD00A4B1B68184602F02B
:1085E8003BFA3B69B3F1FF3F01D1F623FB757B688A
:1085F8003A691A6097F9173018461837BD4680BD92
:10860800B41501085C1800204C05002080B582B024
:1086180000AF78607B68072B02DD7B68082B05DDDF
:108628001048FAF71DFE4FF0FF3317E002F003FA87
:1086380003460D4A13607B68083B0C4A002142F848
:1086480033107B68083B094ADB00134400225A6058
:10865800054B1B68184602F0FFF900231846083737
:10866800BD4680BDE81501085C1800204C050020B7
:1086780080B584B000AF786039600023FB603B6848
:10868800002B01D10023A2E07B68072B21DD7B684A
:10869800082B1EDC7B68083B4F4A52F83330002B0E
:1086A80015D07B68083B4C4A52F833303A6804329C
:1086B80010469847F860FB68002B01D1002386E03C
:1086C8007B68DAB2FB681A70FB6804337FE000232A
:1086D8007DE07B68022B18DD7B68072B15DC3F49A2
:1086E8007A6813465B001344DB000B441B68002BBD
:1086F8000BD03A497A6813465B001344DB000B44FD
:108708000C331B683A689A4201D900235FE002F0F3
:1087180092F9014631487A6813465B001344DB003E
:108728000344143319602D497A6813465B001344D7
:10873800DB000B4404331B68002B08D027497A68F8
:1087480013465B001344DB000B441B68FB60FB68AB
:10875800002B0DD121497A6813465B001344DB00D6
:108768000B4414331B68184602F076F900232EE0F8
:10877800FB68596819487A6813465B001344DB00A4
:108788000344196015497A6813465B001344DB00FB
:108798000B4404331B68591E10487A6813465B0063
:1087A8001344DB000344043319607B68DAB2FB68C6
:1087B8001A700A497A6813465B001344DB000B44BD
:1087C80014331B68184602F047F9FB68043318464F
:1087D8001037BD4680BD00BF4C0500208C0400202A
:1087E80080B500AF40F2C74200210C4806F0E8FD12
:1087F80040F63B6200210A4806F0E2FD094B0022E0
:108808001A60C0220021084806F0DAFD082200217B
:10881800064806F0D5FD0023184680BD5405002003
:108828001C0A0020581800208C0400204C05002049
:1088380080B584B000AF786039600023FB73124BB9
:108848001B68B3F1FF3F05D01048FAF709FD6FF038
:108858000B0315E03968786800F070FF03460A4A90
:108868001360094B1B68002B08DA0948FAF7F8FC73
:10887800054B4FF0FF321A60F423FB7397F90F3062
:1088880018461037BD4680BDF800002014160108B0
:108898004016010880B584B000AF0346FB71002381
:1088A800FB73FB79002B08D0FB79012B05D00A4814
:1088B800FAF7D6FC4FF0FF330AE0FB79012B0CBF27
:1088C80001230023DBB21A46044B1A7097F90F30C4
:1088D80018461037BD4680BD741601086018002080
:1088E80080B58AB000AF7860396000237B610023CF
:1088F80087F827300023FB6000233B620023FB61DD
:1089080000233B610023FB767B68002B05D14048A0
:10891800FAF7A6FC4FF0FF3375E03B68002B05D152
:108928003C48FAF79DFC4FF0FF336CE03A4B1B686C
:10893800B3F1FF3F62D13948FAF792FC6FF00803B0
:1089480061E07A683B6A13443B61334B18683A68C4
:108958003B6AD21A07F10C03396900F011FF7861FC
:108968007B69002B31D1FB68002B0AD13B6A002BB5
:1089780007D12B4B1B78002B03D1FA2387F827301C
:1089880026E0FB683A6A13443B623A6A3B689A42BB
:108998002CBF01230023DBB2FB76FB7E002B17D113
:1089A800204AFB69934203D3F12387F827300FE06D
:1089B8000A221D4BA3FB02239B09184600F00CFD5D
:1089C8000A22FB691344FB6102E0F42387F827308D
:1089D800FB7E002B0ED197F9273013F1060F09D033
:1089E80097F9273013F10C0F04D097F9273013F1BA
:1089F8000F0F01D1012300E00023FB76FB7E002B43
:108A08009FD097F9273018462837BD4680BD00BF4C
:108A180094160108B4160108F8000020D0160108C1
:108A28006018002080841E00D34D621080B58AB083
:108A380000AF7860396000237B61002387F8273016
:108A480000233B620023FB600023FB6100233B61A2
:108A58000023FB767B68002B05D14048FAF700FC21
:108A68004FF0FF3375E03B68002B05D13C48FAF71F
:108A7800F7FB4FF0FF336CE03A4B1B68B3F1FF3F55
:108A880062D13948FAF7ECFB6FF0080361E07A68C5
:108A98003B6A13443B61334B18683A683B6AD21A05
:108AA80007F10C03396900F087FE78617B69002BB8
:108AB80031D1FB68002B0AD13B6A002B07D12B4B25
:108AC8001B78002B03D1FE2387F8273026E0FB68AC
:108AD8003A6A13443B623A6A3B689A422CBF0123C4
:108AE8000023DBB2FB76FB7E002B17D1204AFB6903
:108AF800934203D3F22387F827300FE00A221D4B55
:108B0800A3FB02239B09184600F066FC0A22FB69B6
:108B18001344FB6102E0F42387F82730FB7E002B27
:108B28000ED197F9273013F1020F09D097F92730A2
:108B380013F10C0F04D097F9273013F10E0F01D160
:108B4800012300E00023FB76FB7E002B9FD097F9E2
:108B5800273018462837BD4680BD00BFF8160108E3
:108B680018170108F80000203417010860180020C1
:108B780040420F00D34D621080B582B000AF002391
:108B88003B600023FB71114B1B68B3F1FF3F04D11D
:108B98000F48FAF765FB002313E00C4B1B681846D7
:108BA80000F02EFE38603B68002B06D1074B4FF0D3
:108BB800FF321A600023FB7101E0F423FB7197F97F
:108BC800073018460837BD4680BD00BFF8000020B2
:108BD8001418010880B489B000AFF860B9607A60F1
:108BE8007B68002B0CBF01230023DBB2FB7700233B
:108BF800BB614BE00123FB770023BB6141E0BB690C
:108C080001339B00FA6813441A68BB699B00F96832
:108C18000B441B689A4231D2BB699B00FA68134423
:108C28001B687B61BB699B00BA6813441B683B6186
:108C38000023FB77BB6901339B00BA681A44BB6900
:108C48009B00B9680B4412681A60BB6901339B002A
:108C5800BA6813443A691A60BB6901339B00FA6821
:108C68001A44BB699B00F9680B4412681A60BB6917
:108C780001339B00FA6813447A691A60BB690133AF
:108C8800BB617B68013BBA699A42B8D3FB7F002B72
:108C9800B0D000BF00BF2437BD465DF8047B7047E5
:108CA80080B483B000AF0346FB80FB8818460C37BE
:108CB800BD465DF8047B704780B582B000AF0346BF
:108CC800FB80FB881846FFF7EBFF0346184608377A
:108CD800BD4680BD80B485B000AF78600B467B8010
:108CE8007B68FB6000237B8107E0FB685A1CFA6005
:108CF8001B781A467B8913447B817B885A1E7A80AD
:108D0800002BF2D17B8918461437BD465DF8047BE9
:108D18007047000080B584B000AF786039600023E8
:108D2800FB73134B1B78002B05D01248FAF798FAFF
:108D38006FF00B0317E039687868FFF779FD034691
:108D4800FB7397F90F30002B0BD10B4B00221A80C5
:108D58000A4B00221A800A4B00221A60044B012297
:108D68001A7097F90F3018461037BD4680BD00BFFE
:108D78006C1800203C1801086218002064180020B4
:108D88006818002080B58AB000AFF860B9607A60D2
:108D980000233B620023FB6100237B83002387F8C9
:108DA800273000237B61FB68002B05D15148FAF777
:108DB80057FA4FF0FF3398E07B68052B05D84E48EB
:108DC800FAF74EFA4FF0FF338FE04C4B1B78002B2D
:108DD80005D14B48FAF744FA6FF0080385E0FA68C2
:108DE800BB6813443B623B6AFB61FB691B889BB20F
:108DF8001846FFF761FF03467B837B8B002B04D06B
:108E08007B8B06337A689A4205D23E48FAF728FAED
:108E18006FF0060369E03C4B1B881846FFF740FFDC
:108E280003461A46FB695A807B8B0433FA6913445C
:108E38007B617B8B04339BB21946F869FFF74AFFC5
:108E480003461846FFF72CFF03467B827A8A7B6924
:108E58001A800421386AFFF743FD034687F8273054
:108E680097F92730002B02D097F927303DE03B6A6D
:108E780004333B620120FFF70DFD7B8B1946386AEE
:108E8800FFF72EFD034687F8273097F92730002B88
:108E980021D17B8B3A6A13443B620221386AFFF77F
:108EA8001FFD034687F8273097F92730002B14D188
:108EB80097F92730002B02D1F868FFF7D3F897F914
:108EC800273013F1060F0AD00F4B1B8801339AB2D3
:108ED8000D4B1A8004E000BF02E000BF00E000BFB5
:108EE8000020FFF7D7FC97F9273018462837BD46EA
:108EF80080BD00BF70180108941801086C18002084
:108F0800B8180108E81801086218002080B588B070
:108F180000AFF860B9607A600023FB770023BB8359
:108F2800FB68002B05D15148FAF79AF94FF0FF3347
:108F380098E07B68002B05D14D48FAF791F94FF07E
:108F4800FF338FE04B4B1B78002B05D14A48FAF7CB
:108F580087F96FF0080385E007F11003042118462C
:108F6800FFF764FD0346FB7797F91F30002B02D00B
:108F780097F91F3076E03B8A1846FFF79DFE0346B7
:108F8800BB83BB8B002B07D13C48FAF769F9F9235F
:108F9800FB7797F91F3065E0394B1868BA8BBB68C7
:108FA800134406331946FFF763FBB861BB69002B0E
:108FB80004D1F623FB7797F91F3053E0BB697B6137
:108FC800BA680021786906F0FBF97A69BB6813442E
:108FD8007B613A697B691A607B6904337B61012094
:108FE800FFF758FCBB8B19467869FFF71FFD03464E
:108FF800FB7797F91F30002B05D02248FAF730F994
:10900800F923FB7720E0BB8B7A6913447B6102214B
:109018007869FFF70BFD0346FB7797F91F30002BA4
:1090280005D01948FAF71CF9F923FB770CE0002062
:10903800FFF730FCFB68BA691A60BB8B9A1D7B6826
:109048001A6097F91F300DE00020FFF723FCFB683A
:1090580000221A607B6800221A60B869FFF702F8DC
:1090680097F91F3018462037BD4680BD1C190108E6
:10907800481901086C18002074190108A41901087E
:10908800FC000020D81901083C1A010880B586B0F8
:1090980000AFF860B9607A603B60FB687B61FB6891
:1090A800002B05D11A48FAF7DBF84FF0FF332AE016
:1090B8007B68002B05D11748FAF7D2F84FF0FF3339
:1090C80021E03B68002B05D11348FAF7C9F84FF0A7
:1090D800FF3318E03B680633BA689A4205D20F4856
:1090E800FAF7BEF84FF0FF330DE03B689BB2184625
:1090F800FFF7D6FD03461A467B691A803B689A1D1E
:109108007B681A60002318461837BD4680BD00BF2B
:10911800AC1A0108D81A01080C1B0108381B0108F1
:1091280080B58AB000AFF860B9607A60FB683B62CE
:109138000023FB830023BB830023BB610023FB8246
:10914800002387F82730FB68002B05D14148FAF740
:1091580087F84FF0FF3379E07B68002B05D13E4854
:10916800FAF77EF84FF0FF3370E0BB68042B05D8A0
:109178003A48FAF775F84FF0FF3367E0384B1B7839
:10918800002B05D13748FAF76BF86FF008035DE05C
:109198003B6A1B889BB21846FFF78EFD0346FB838C
:1091A8003B6A5B889BB21846FFF786FD0346BB8384
:1091B800FB8B0633BA689A4205D02B48FAF750F869
:1091C8006FF0060342E0294B1B68002B03D1274BA5
:1091D80001221A6011E0264B1B88BA8B9A4203D8E9
:1091E800FC2387F8273008E0BA8B214B1B88013312
:1091F8009A4202DDFB2387F827301D4ABB8B138078
:10920800FB8B0433FA681344BB61BB691B889BB2B0
:10921800FB82FB8A1846FFF74FFD0346FB82FB8B58
:1092280004339BB21946386AFFF754FD03461A46C1
:10923800FB8A9A4205D00F48FAF712F86FF00C0330
:1092480004E0FA8B7B681A6097F9273018462837AC
:10925800BD4680BD681B0108941B0108CC1B010892
:109268006C180020FC1B0108341C01086818002039
:10927800641800206C1C010880B400AF0423184651
:10928800BD465DF8047B704780B400AF02231846E2
:10929800BD465DF8047B704780B400AF4FF6FC73A1
:1092A8001846BD465DF8047B704780B400AFFF23C5
:1092B8001846BD465DF8047B7047000080B400AFD7
:1092C800074B00221A80074B00221A80064B002207
:1092D8001A6000231846BD465DF8047B704700BF3E
:1092E80062180020641800206818002080B483B039
:1092F80000AF7860044A7B68136000BF0C37BD4636
:109308005DF8047B704700BFFC00002080B582B088
:1093180000AF0023FB71134B1B78002B04D11248BC
:10932800F9F79EFF002319E0FFF726FC0346FB71BF
:1093380097F90730002B0CD10C4B00221A800C4BEC
:1093480000221A800B4B00221A60064B00221A706A
:1093580002E00948F9F784FF97F9073018460837FB
:10936800BD4680BD6C180020981C010862180020BA
:109378006418002068180020C41C010880B483B059
:1093880000AF786039607B68002B08D03B68002B01
:1093980005D07B6800221A603B6800221A6000BF73
:1093A8000C37BD465DF8047B704780B483B000AFCE
:1093B800786039607B68002B08D03B68002B05D0AB
:1093C8007B6800221A603B6800221A6000BF0C37D5
:1093D800BD465DF8047B704780B584B000AF786007
:1093E80003F05EFCF8607B68BB6000BF03F058FCCC
:1093F8000246FB68D31ABA689A42F7D800BF00BF82
:109408001037BD4680BD000080B400AF00BFBD4628
:109418005DF8047B704700BF10B50E4C82B0636ADC
:10942800019303F03DFC0090626A019B9A4207D3C6
:10943800009B01984FF47A7202FB030002B010BD42
:1094480003F02EFC636A4FF47A7202FB003002B01C
:1094580010BD00BF000C004010B5044641B9FFF72D
:10946800DBFF0346181BA34238BF00F1FF3010BDD5
:1094780003F016FC0346181BA34238BF00F1FF3067
:1094880010BD00BF80B500AF064B1B68002B07D18D
:10949800FFF7C2FF0346044A1360024B01221A6019
:1094A80000BF80BD701800207418002008B50D4B4F
:1094B8001B78012B0C4B02D01A68012A08D11B68B3
:1094C80063B10A4B00211868BDE80840FFF7C4BF24
:1094D800FFF7A2FF054B1860002008BDFFF7D2FF79
:1094E800EFE700BF1B02002070180020741800204E
:1094F80080B483B000AF03463960FB7197F9073039
:10950800002B0ADB3B68DAB20C4997F907301201E5
:10951800D2B20B4483F800230AE03B68DAB2084968
:10952800FB7903F00F03043B1201D2B20B441A7605
:1095380000BF0C37BD465DF8047B704700E100E0D2
:1095480000ED00E080B582B000AF78607B68013B39
:10955800B3F1807F01D301230FE00A4A7B68013B06
:1095680053600F214FF0FF30FFF7C2FF054B002279
:109578009A60044B07221A60002318460837BD4634
:1095880080BD00BF10E000E080B500AFBFF34F8F93
:1095980000BFBFF36F8F00BF0B4B1A680B4B1B68E4
:1095A8009A4202D3084B00221A60074B1B685A1CC8
:1095B80005490A60002B05D172B600BFF8F780FC98
:1095C80062B600BF00BF80BD781800207C1800205C
:1095D80080B400AF054B5B68044A43F08053536086
:1095E80000BFBD465DF8047B704700BF00ED00E09A
:1095F80080B584B000AF87ED010A234B1B6807EEE6
:10960800903AB8EE677AD7ED017A67EE277AFCEEE2
:10961800E77A17EE903AFB60FB68B3F1807F18D3C6
:10962800FB6807EE903AB8EE677ADFED186AC7EE86
:10963800267AFCEEE77A17EE903A0133144A136063
:10964800134B1B68FA68B2FBF3F31846FFF77AFF6F
:1096580005E00F4B00221A60F868FFF773FF0D4B07
:1096680000221A600C4A0D4B1A600F216FF004009B
:10967800FFF73EFF0F216FF00100FFF739FF00BF32
:109688001037BD4680BD00BF44010020FFFF7F4B5F
:109698007C18002078180020919500088018002078
:1096A800EFF3008001B5EFF3118003B41EF0100F43
:1096B80008BFB0EE400A0A48006803B488B004A0A6
:1096C80006904FF0807007906FF00600864670474E
:1096D80003BC8047BFF36F8F00DFFEE700BF0000C9
:1096E800801800201EF0100F08BFB0EE400A1EF0D0
:1096F800040F0CBFEFF30880EFF30980816911F8BC
:10970800020C10B101280DD00BE01EF0100F0CBF99
:109718001AB008B003BC80F3118803BC80F300883A
:109728000847FEE74EF61451CEF200010A6842F0EF
:1097380001020A607047F4E700BF00BF80B584B03B
:1097480000AF786039600023FB60094B094A1A6052
:10975800074B1B68084AD361074800F05BFF0346C4
:10976800064A1360FB6818461037BD4680BD00BF27
:1097780088180020CC180020000100208418002040
:1097880080B586B002AFF860B9607A603B603B682C
:1097980000221A60074B18683B6800934FF47A73ED
:1097A8007A68B96801F030F8002318461037BD46CA
:1097B80080BD00BF8418002080B586B000AFF86077
:1097C800B9607A603B603B6800221A600B4B1B68EB
:1097D80000227968184600F0BEFC78617B69002B8E
:1097E80006D0064B18683B687A69B96800F0DEFF56
:1097F800002318461837BD4680BD00BF84180020D6
:1098080080B582B000AF7860044B1B68184601F041
:10981800BDF8002318460837BD4680BD84180020CF
:1098280080B400AF044BDB681B0A03F0070318463B
:10983800BD465DF8047B704700ED00E080B483B05E
:1098480000AF0346FB7197F90730002B0BDBFB7960
:1098580003F01F02074997F907305B09012000FA56
:1098680002F241F8232000BF0C37BD465DF8047BA7
:10987800704700BF00E100E080B483B000AF03464A
:109888003960FB7197F90730002B0ADB3B68DAB2C5
:109898000C4997F907301201D2B20B4483F8002320
:1098A8000AE03B68DAB20849FB7903F00F03043B8E
:1098B8001201D2B20B441A7600BF0C37BD465DF8D0
:1098C800047B704700E100E000ED00E080B489B05F
:1098D80000AFF860B9607A60FB6803F00703FB61CA
:1098E800FB69C3F10703042B28BF0423BB61FB6991
:1098F8000433062B02D9FB69033B00E000237B619C
:109908004FF0FF32BB6902FA03F3DA43BB681A402F
:109918007B699A404FF0FF317B6901FA03F3D94321
:109928007B680B40134318462437BD465DF8047B1B
:109938007047000080B483B000AF786039600C4A8B
:109948003B6813441B781A467B6813441B68084914
:109958003A680A44127811467A680A4443F00103C7
:10996800136000BF0C37BD465DF8047B704700BF2D
:10997800F81D010880B483B000AF786039600C4AE4
:109988003B6813441B781A467B6813441B680849D4
:109998003A680A44127811467A680A4423F00103A7
:1099A800136000BF0C37BD465DF8047B704700BFED
:1099B800F81D010880B483B000AF78603960084AA8
:1099C8003B6813441B781A467B6813441B6803F4EE
:1099D800907318460C37BD465DF8047B704700BF8E
:1099E800F81D010880B485B000AFF860B9607A60EE
:1099F8000D4ABB6813441B781A46FB6813445B681E
:109A08001B0C1B040849BA680A4412781146FA6804
:109A18000A4411467A6813434B6000BF1437BD46A9
:109A28005DF8047B704700BFF81D010880B483B05F
:109A380000AF78603960074A3B6813441B781A46C0
:109A48007B6813445B689BB218460C37BD465DF8CB
:109A5800047B7047F81D010880B485B000AFF8603A
:109A6800B9607A603B60BB69402B14D1174ABB6868
:109A780013441B781A46FB6813441A467B68D36064
:109A8800124ABB6813441B781A46FB6813441A46EB
:109A98003B68936013E00D4ABB6813441B781A4671
:109AA800FB6813441A467B689360084ABB681344F2
:109AB8001B781A46FB6813441A463B68D36000BFFC
:109AC8001437BD465DF8047B704700BFF81D0108D8
:109AD80080B483B000AF78607B685B6803F4006390
:109AE800B3F5006F0CBF01230023DBB218460C3717
:109AF800BD465DF8047B704780B483B000AF7860E2
:109B08007B684FF40062DA6000BF0C37BD465DF831
:109B1800047B704780B483B000AF786039600C4A2A
:109B28003B6813441B781A467B6813441B68084932
:109B38003A680A44127811467A680A4443F01003D6
:109B4800136000BF0C37BD465DF8047B704700BF4B
:109B5800F81D010880B483B000AF786039600C4A02
:109B68003B6813441B781A467B6813441B680849F2
:109B78003A680A44127811467A680A4423F01003B6
:109B8800136000BF0C37BD465DF8047B704700BF0B
:109B9800F81D010880B483B000AF786039600A4AC4
:109BA8003B6813441B781A467B6813441B6803F010
:109BB8001003102B0CBF01230023DBB218460C370F
:109BC800BD465DF8047B7047F81D010880B483B07A
:109BD80000AF78607B68DB6843F400527B68DA602A
:109BE80000BF0C37BD465DF8047B704780B483B076
:109BF80000AF78607B68DB6823F400527B68DA602A
:109C080000BF0C37BD465DF8047B704780B483B055
:109C180000AF78607B681B6803F00103012B0CBF61
:109C280001230023DBB218460C37BD465DF8047BE0
:109C3800704780B483B000AF78607B681B6803F01E
:109C48000203022B0CBF01230023DBB218460C379A
:109C5800BD465DF8047B704780B483B000AF786080
:109C68007B681B6803F00403042B0CBF012300234B
:109C7800DBB218460C37BD465DF8047B704780B4EC
:109C880083B000AF78607B681B6803F00803082B7B
:109C98000CBF01230023DBB218460C37BD465DF824
:109CA800047B704780B483B000AF78607B681B6822
:109CB80003F04003402B0CBF01230023DBB21846FE
:109CC8000C37BD465DF8047B704780B483B000AFA5
:109CD80078607B681B6803F08003802B0CBF01232E
:109CE8000023DBB218460C37BD465DF8047B70478D
:109CF80080B485B000AF78607B681B68FB60FB6848
:109D08007B685B68FB60FB6800BF1437BD465DF885
:109D1800047B704780B485B000AF78607B681B68AF
:109D2800FB60FB687B685B68FB60FB6800BF1437FF
:109D3800BD465DF8047B704780B489B000AF786099
:109D48007B680C33FB60FB6853E8003FBB60BB6873
:109D580043F02003FB617B680C33FA69BA617B61CD
:109D68007969BA6941E800233B613B69002BE7D177
:109D780000BF00BF2437BD465DF8047B704780B440
:109D880089B000AF78607B680C33FB60FB6853E8F0
:109D9800003FBB60BB6843F48073FB617B680C3396
:109DA800FA69BA617B617969BA6941E800233B6164
:109DB8003B69002BE7D100BF00BF2437BD465DF8E3
:109DC800047B704780B489B000AF78607B68143337
:109DD800FB60FB6853E8003FBB60BB6843F00103CE
:109DE800FB617B681433FA69BA617B617969BA6986
:109DF80041E800233B613B69002BE7D100BF00BF6E
:109E08002437BD465DF8047B704780B489B000AF45
:109E180078607B680C33FB60FB6853E8003FBB60ED
:109E2800BB6823F02003FB617B680C33FA69BA61D5
:109E38007B617969BA6941E800233B613B69002B82
:109E4800E7D100BF00BF2437BD465DF8047B7047EB
:109E580080B489B000AF78607B680C33FB60FB6826
:109E680053E8003FBB60BB6823F08003FB617B685D
:109E78000C33FA69BA617B617969BA6941E80023F0
:109E88003B613B69002BE7D100BF00BF2437BD46CB
:109E98005DF8047B704780B489B000AF78607B6858
:109EA8000C33FB60FB6853E8003FBB60BB6823F4DE
:109EB8008073FB617B680C33FA69BA617B617969ED
:109EC800BA6941E800233B613B69002BE7D100BF39
:109ED80000BF2437BD465DF8047B704780B489B065
:109EE80000AF78607B681433FB60FB6853E8003F81
:109EF800BB60BB6823F00103FB617B681433FA691C
:109F0800BA617B617969BA6941E800233B613B69C1
:109F1800002BE7D100BF00BF2437BD465DF8047BA6
:109F2800704780B489B000AF78607B681433FB60F9
:109F3800FB6853E8003FBB60BB6843F04003FB612C
:109F48007B681433FA69BA617B617969BA6941E857
:109F580000233B613B69002BE7D100BF00BF2437DA
:109F6800BD465DF8047B704780B489B000AF786067
:109F78007B681433FB60FB6853E8003FBB60BB6839
:109F880023F04003FB617B681433FA69BA617B6193
:109F98007969BA6941E800233B613B69002BE7D145
:109FA80000BF00BF2437BD465DF8047B704780B40E
:109FB80089B000AF78607B681433FB60FB6853E8B6
:109FC800003FBB60BB6843F08003FB617B681433D0
:109FD800FA69BA617B617969BA6941E800233B6132
:109FE8003B69002BE7D100BF00BF2437BD465DF8B1
:109FF800047B704780B489B000AF78607B68143305
:10A00800FB60FB6853E8003FBB60BB6823F080033C
:10A01800FB617B681433FA69BA617B617969BA6953
:10A0280041E800233B613B69002BE7D100BF00BF3B
:10A038002437BD465DF8047B704780B483B000AF19
:10A0480078607B68043318460C37BD465DF8047B9E
:10A05800704780B483B000AF78607B685B68DBB220
:10A0680018460C37BD465DF8047B704780B483B052
:10A0780000AF78600B46FB70FA787B685A6000BFC7
:10A088000C37BD465DF8047B704780B586B000AFDD
:10A0980078607B6893F83C30FB737B689B7D03F0AA
:10A0A8000403002B03D07B681B6B7B610DE07B688E
:10A0B8005A687B681B7C19461046FFF7B7FCB860E6
:10A0C8007B685A6ABB68D31A7B617B685B6A7A696A
:10A0D8009A4201D100237B61FB7B012B14D17B6861
:10A0E8009B7D03F01003002B0ED07B68DB6A7A6936
:10A0F8009A4209D97B681B8B43F020039AB27B688C
:10A108001A837B687A69DA627B68DB6A7A699A42C1
:10A1180005D97B68DB6A7A69D31A3B6116E07B68EC
:10A12800DB6A7A699A4208D27B685A6A7B68DB6A7A
:10A13800D31A7A6913443B6108E0FB7B012B03D1F6
:10A148007B685B6A3B6101E000233B613B69184621
:10A158001837BD4680BD80B588B000AFF860B960DB
:10A168007A600023BB61F868FFF78FFF0246BB687F
:10A17800934215D97B68002B12D002F091FD7861CB
:10A1880000BFF868FFF781FF0246BB68934207D912
:10A1980001217869FFF760F902467B689342F0D2A3
:10A1A800F868FFF772FFB861BA69BB689A4202D2D1
:10A1B800BB69FB6101E0BB68FB61FB69184620379E
:10A1C800BD4680BD80B586B000AFF860B9607A60E2
:10A1D8003B603B6800221A600023FB82FB68DA6A56
:10A1E8007B681A44FB685B6A9A4227D9FB685A6AFB
:10A1F800FB68DB6AD31A3B61FB68DA69FB68DB6AD8
:10A2080013443A691946B86805F00CF9FB68DA6A2C
:10A218007B681A44FB685B6AD21AFB68DA623B699E
:10A22800BA68D018FB68D969FB68DB6A1A4605F07A
:10A23800F9F8FB68002283F83C200FE0FB68DA6934
:10A24800FB68DB6A13447A681946B86805F0EAF8CF
:10A25800FB68DA6A7B681A44FB68DA62FB68DA6AC8
:10A26800FB685B6A9A4206D1FB680022DA62FB68E7
:10A27800002283F83C20F86800F068F90346FB8266
:10A288003B687A681A60FB8A18461837BD4680BD55
:10A2980080B584B000AFF860B9607A60FB685A682E
:10A2A800FB681B7C19461046FFF774FC0346002B1D
:10A2B80054D0FB685A68BB68104698470346002B81
:10A2C8004CD0FB685A687B6810469847FB6893F83F
:10A2D8003C30012B09D1FB681B8B43F020039AB259
:10A2E800FB681A83FB680022DA62FB68012283F8A4
:10A2F8003C20FB685A68FB681B7C19461046FFF730
:10A3080059FB0346002B29D1FB681B7D002B0BD082
:10A31800FB681B7D012B21D1FB681B8B002B03D015
:10A32800FB681B8B202B19D1FB685A68FB681B7CC8
:10A3380019461046FFF71EFBFB685868FB681B7C34
:10A348001946FB685B6A1A46FFF74CFBFB685A68BC
:10A35800FB681B7C19461046FFF7ECFA00BF103764
:10A36800BD4680BD80B584B000AF78600023FB7324
:10A378007B681B681846FFF782FC0346012B08D14F
:10A388007B681B8B43F002039AB27B681A83012314
:10A39800FB737B681B681846FFF74BFC0346012BD1
:10A3A80008D17B681B8B43F008039AB27B681A8339
:10A3B8000123FB737B681B681846FFF74DFC0346B7
:10A3C800012B08D17B681B8B43F010039AB27B6882
:10A3D8001A830123FB737B681B681846FFF716FC7A
:10A3E8000346012B08D17B681B8B43F004039AB208
:10A3F8007B681A830123FB73FB7B012B19D17B68D4
:10A408001B7D012B10D17B689B7D03F00403002B7F
:10A4180005D07B681B681846FFF7F7FC04E07B68EB
:10A428001B681846FFF7A0FD7B681B681846FFF7F6
:10A438005FFC00BF1037BD4680BD000080B500AF8F
:10A448000248FFF78FFF00BF80BD00BF8C180020B7
:10A4580080B500AF034A04490448FFF719FF00BF5D
:10A4680080BD00BF019B0008D99A00088C18002005
:10A47800B0B584B002AF78607B685C687B681B7C91
:10A488001D467B681B681846FFF7D7FD02467B68A8
:10A49800DB691946002300930B4629462046FFF73F
:10A4A800DBFA7B6858687B681B7C19467B685B6AAB
:10A4B8001A46FFF797FA7B685A687B681B7C19462F
:10A4C8001046FFF727FB7B681B681846FFF729FD36
:10A4D8007B681B685A697B681B6842F040025A61B6
:10A4E8007B685A687B681B7C19461046FFF722FA7E
:10A4F80000BF0837BD46B0BDF0B585B002AF786083
:10A508007B689C687B685B7C1D467B681B6A1E4673
:10A518007B681B681846FFF790FD034640220092AF
:10A52800324629462046FFF797FA7B689A687B6887
:10A538005B7C19461046FFF7EDFA7B681B681846E6
:10A54800FFF735FD00BF0C37BD46F0BD80B584B0C0
:10A5580000AF78600023FB817B681B8B03F020032E
:10A56800002B0AD0FB8943F02003FB817B681B8BFF
:10A5780023F020039AB27B681A837B681B7D002B2B
:10A5880008D17B681A8BFB891343FB817B68002207
:10A598001A833AE07B681B7D012B36D17868FFF778
:10A5A80074FD0346002B30D17B681B8B002B2CD00D
:10A5B8007B681A8BFB891343FB817B6800221A8313
:10A5C8007B689B7D03F00403002B0FD07B681B681E
:10A5D8001846FFF73EFD7B681B681846FFF79AFB95
:10A5E8007B681B681846FFF7A7FB0EE07B681B68B3
:10A5F8001846FFF72EFD7B681B681846FFF78AFB95
:10A608007B681B681846FFF78CFCFB8918461037D7
:10A61800BD4680BD80B584B000AF78607B681B689C
:10A628001A46604B9A4202D15F4BFB6002E000235E
:10A63800FB6000BFFB68002B00F0AF80FB685A7D11
:10A648007B685B7D1343DAB2FB685A75FB689A7DB9
:10A658007B689B7D1343DAB2FB689A757B681A683E
:10A66800FB681A60FB6800221A83FB6800225A8381
:10A67800FB681B681846FFF7B9FA7B685B7D03F037
:10A688000103002B3CD07B685A6AFB685A627B68DE
:10A69800DA69FB68DA61FB680022DA62FB6800228B
:10A6A8001A637B681A7DFB681A75FB68002283F8B9
:10A6B8003C20FB689B7D03F01003002B15D07B68C2
:10A6C8005A68FB685A607B681A7CFB681A74F868D9
:10A6D800FFF7CEFEFB681B681846FFF773FBFB68A5
:10A6E8001B681846FFF74BFB0AE0FB689B7D03F0ED
:10A6F8000403002B04D0FB681B681846FFF71CFBFB
:10A708007B685B7D03F00203002B27D07B689A6A85
:10A71800FB689A627B681A6AFB681A62FB68002207
:10A728005A63FB6800229A63FB6800229A74FB68EC
:10A738000022DA74FB689B7D03F02003002B0DD008
:10A748007B689A68FB689A607B685A7CFB685A74D5
:10A75800FB680022DA60F868FFF7CEFEFB681B682A
:10A768001846FFF733FA7B681B681A460D4B9A4266
:10A7780010D1FFF755F80346002200211846FFF7CD
:10A78800A5F8034619462620FFF776F82620FFF796
:10A7980055F802E00023FB6000BFFB68184610373D
:10A7A800BD4680BD004400408C18002080B586B0AE
:10A7B80000AFF860B9607A603B603B6800221A60BD
:10A7C800FB685B8B03F48073002B02D04FF480731B
:10A7D80016E0FB685B8B43F480739AB2FB685A837C
:10A7E8003B687A68B968F868FFF7ECFC0346FB82B7
:10A7F800FB685B8B23F480739AB2FB685A83FB8AED
:10A8080018461837BD4680BD80B588B000AFF860DF
:10A81800B9607A603B60BB6A00221A60BB68BB61A2
:10A82800FB685B8B03F08003002B01D08023A9E039
:10A83800FB685B8B43F080039AB2FB685A83002362
:10A84800FB6100237B610023FB614AE0FB681B6816
:10A858001846FFF73AFA0346002B36D13B68002B1F
:10A8680027D002F01DFA786100BFFB681B68184604
:10A87800FFF72BFA0346002B07D101217869FEF771
:10A88800EBFD02463B689342EFD201217869FEF75F
:10A89800E3FD02463B68934217D2BB6AFA691A6025
:10A8A800FB685B8B23F080039AB2FB685A834023D2
:10A8B80068E0BB6AFA691A60FB685B8B23F0800367
:10A8C8009AB2FB685A8340235CE0FB681868BA694F
:10A8D800FB6913441B781946FFF7C8FBFB69013372
:10A8E800FB61FA697B689A42B0D3FB681B6818461B
:10A8F800FFF7D8F90346002B39D13B68002B29D044
:10A9080002F0CEF9786114E001217869FEF7A4FD20
:10A9180002463B6893420CD27B685A1EBB6A1A6097
:10A92800FB685B8B23F080039AB2FB685A83402351
:10A9380028E0FB681B681846FFF7B4F90346002BAC
:10A9480015D101217869FEF787FD02463B689342DD
:10A95800DAD20CE07B685A1EBB6A1A60FB685B8B14
:10A9680023F080039AB2FB685A8340230AE0BB6A4B
:10A978007A681A60FB685B8B23F080039AB2FB68E5
:10A988005A83002318462037BD4680BD80B582B063
:10A9980000AF78607B681B681846FFF727F97B686B
:10A9A8009B7D03F02003002B0DD07B689A687B68A1
:10A9B8005B7C19461046FFF7CDF87B681B68184684
:10A9C800FFF718FB0AE07B689B7D03F00803002B68
:10A9D80004D07B681B681846FFF73AFA7B689B7DB2
:10A9E80003F01003002B17D07B681B681846FFF78D
:10A9F80075FA7B681B681846FFF74DFA7B685A683A
:10AA08007B681B7C19461046FFF7A4F87B681B6817
:10AA18001846FFF7A9FA0AE07B689B7D03F0040358
:10AA2800002B04D07B681B681846FFF7EEF900BFBF
:10AA38000837BD4680BD80B483B000AFEFF3108304
:10AA48003B603B687B6072B600BF7B6818460C377A
:10AA5800BD465DF8047B704780B485B000AF786070
:10AA68007B68FB60FB6883F3108800BF00BF143766
:10AA7800BD465DF8047B704780B400AF054B1B688A
:10AA8800044A43F00103136000BFBD465DF8047B30
:10AA9800704700BF0038024080B400AF064B1B6807
:10AAA80003F00203022B0CBF01230023DBB218467C
:10AAB800BD465DF8047B70470038024080B483B01F
:10AAC80000AF7860074B1B6823F0F8027B68DB0057
:10AAD800044913430B6000BF0C37BD465DF8047B87
:10AAE800704700BF0038024080B483B000AF786080
:10AAF800064B9B6823F0030204497B6813438B6071
:10AB080000BF0C37BD465DF8047B70470038024033
:10AB180080B400AF044B9B6803F00C031846BD4695
:10AB28005DF8047B704700BF0038024080B483B0F2
:10AB380000AF7860064B9B6823F0F00204497B68FD
:10AB480013438B6000BF0C37BD465DF8047B70472C
:10AB58000038024080B483B000AF7860064B9B6831
:10AB680023F4E05204497B6813438B6000BF0C3721
:10AB7800BD465DF8047B70470038024080B483B05E
:10AB880000AF7860064B9B6823F4604204497B68F9
:10AB980013438B6000BF0C37BD465DF8047B7047DC
:10ABA8000038024080B483B000AF7860074BD3F818
:10ABB8008C3023F0807205497B681343C1F88C30D0
:10ABC80000BF0C37BD465DF8047B70470038024073
:10ABD80080B400AF054B1B68044A43F080731360D0
:10ABE80000BFBD465DF8047B704700BF00380240D7
:10ABF80080B400AF074B1B6803F00073B3F1007F0C
:10AC08000CBF01230023DBB21846BD465DF8047B68
:10AC1800704700BF0038024080B485B000AFF860CC
:10AC2800B9607A603B60114B5A68114B1340F96860
:10AC3800BA6811437A6892010A430C4913434B607E
:10AC48000A4B5B6823F4403208493B6813434B6066
:10AC5800064B5B6823F0E04204493B6813434B60B2
:10AC680000BF1437BD465DF8047B704700380240CA
:10AC78000080BFFF80B483B000AF7860064B1B68CC
:10AC880023F00F0204497B6813430B6000BF0C37A5
:10AC9800BD465DF8047B7047003C024080B400AFBD
:10ACA800044B1B6803F00F031846BD465DF8047B90
:10ACB800704700BF003C024080B400AF054B1B68E2
:10ACC800044A43F48033136000BFBD465DF8047B3B
:10ACD800704700BF0070004080B483B000AF786058
:10ACE800064B1B6823F4404204497B6813430B60FE
:10ACF80000BF0C37BD465DF8047B7047007000400C
:10AD080080B500AF0520FFF7B5FF00BFFFF7C6FF0E
:10AD18000346052BFAD14FF44040FFF7DDFFFFF75C
:10AD2800CBFF1020FFF7CAFEFFF7A6FE00BFFFF714
:10AD3800B3FE0346012BFAD10023B42208210020D8
:10AD4800FFF76AFFFFF744FF00BFFFF751FF034615
:10AD5800012BFAD10020FFF7E9FE4FF4A050FFF7CE
:10AD6800F9FE4FF40040FFF709FF0220FFF7BCFE91
:10AD780000BFFFF7CDFE0346082BFAD1074801F0C4
:10AD8800FDFC002001F016F80346002B01D000F06E
:10AD980019F80020FFF706FF00BF80BD0095BA0A2A
:10ADA80080B582B000AF78607B681B68044A934224
:10ADB80001D101F061FF00BF0837BD4680BD00BF6B
:10ADC800000C004080B400AF72B600BF00BFFDE7C2
:10ADD80080B400AF044BDB681B0A03F00703184676
:10ADE800BD465DF8047B704700ED00E080B483B099
:10ADF80000AF0346FB7197F90730002B0BDBFB799B
:10AE080003F01F02074997F907305B09012000FA90
:10AE180002F241F8232000BF0C37BD465DF8047BE1
:10AE2800704700BF00E100E080B483B000AF034684
:10AE38003960FB7197F90730002B0ADB3B68DAB2FF
:10AE48000C4997F907301201D2B20B4483F800235A
:10AE58000AE03B68DAB20849FB7903F00F03043BC8
:10AE68001201D2B20B441A7600BF0C37BD465DF80A
:10AE7800047B704700E100E000ED00E080B489B099
:10AE880000AFF860B9607A60FB6803F00703FB6104
:10AE9800FB69C3F10703042B28BF0423BB61FB69CB
:10AEA8000433062B02D9FB69033B00E000237B61D6
:10AEB8004FF0FF32BB6902FA03F3DA43BB681A406A
:10AEC8007B699A404FF0FF317B6901FA03F3D9435C
:10AED8007B680B40134318462437BD465DF8047B56
:10AEE8007047000080B485B000AF7860084B1A6BDB
:10AEF80007497B6813430B63054B1A6B7B68134048
:10AF0800FB60FB6800BF1437BD465DF8047B7047E3
:10AF18000038024080B487B000AF78603960174AC3
:10AF28003B68DBB2023352F823203B681B0CDB433F
:10AF380002EA03013B681B0C3B613B6993FAA3F3EC
:10AF4800FB60FB687B617B69002B01D1202303E058
:10AF58007B69B3FA83F3DBB21A467B6803FA02F221
:10AF680006483B68DBB20A43023340F8232000BF9F
:10AF78001C37BD465DF8047B704700BF00380140B0
:10AF880080B48BB000AFF860B9607A60FB681A686B
:10AF9800BB687B617B6993FAA3F33B613B69BB6147
:10AFA800BB69002B01D1202303E0BB69B3FA83F30B
:10AFB800DBB25B00032101FA03F3DB431A40BB68F1
:10AFC8003B623B6A93FAA3F3FB61FB697B627B6A92
:10AFD800002B01D1202303E07B6AB3FA83F3DBB2B1
:10AFE8005B00796801FA03F31A43FB681A6000BF33
:10AFF8002C37BD465DF8047B704780B48BB000AF3A
:10B00800F860B9607A60FB68DA68BB687B617B6965
:10B0180093FAA3F33B613B69BB61BB69002B01D188
:10B02800202303E0BB69B3FA83F3DBB25B0003219F
:10B0380001FA03F3DB431A40BB683B623B6A93FAAD
:10B04800A3F3FB61FB697B627B6A002B01D12023A0
:10B0580003E07B6AB3FA83F3DBB25B00796801FA39
:10B0680003F31A43FB68DA6000BF2C37BD465DF86E
:10B07800047B704780B483B000AF786039607B6828
:10B088003A689A6100BF0C37BD465DF8047B70478B
:10B0980080B483B000AF786039603B681A047B687D
:10B0A8009A6100BF0C37BD465DF8047B704700000D
:10B0B80080B588B000AF07F1180300221A605A6003
:10B0C8003B4600221A605A609A60DA601A615A6137
:10B0D8000420FFF707FF8020FFF704FF0120FFF798
:10B0E80001FF0220FFF7FEFE4FF438714E48FFF7CC
:10B0F800C1FF80214D48FFF7BDFF4EF232014C4899
:10B10800FFF7C6FF4FF4E8514748FFF7C1FF494929
:10B118000220FFF7FFFE4FF070410120FFF7FAFE13
:10B128004FF40053BB6101233B7700237B77022355
:10B13800BB7707F11803184601F0C8FB0823BB6169
:10B1480001233B7700237B770323BB7707F11803A1
:10B15800184601F0BBFB00224FF400513348FFF7BB
:10B168004CFF022208213248FFF747FF00224FF424
:10B1780000512E48FFF704FF002208212C48FFF752
:10B18800FFFE4FF4FF533B6001237B600023BB604D
:10B198000023FB6000233B613B461946224800F030
:10B1A800AEFF4EF212033B6001237B600023BB60BD
:10B1B8000023FB6000233B613B4619461C4800F016
:10B1C8009EFF80233B6001237B600023BB6000233C
:10B1D800FB6000233B613B461946144800F08FFF93
:10B1E80020233B6001237B600223BB600023FB60BC
:10B1F80000233B613B4619460D4800F080FFFFF7EE
:10B20800E7FD0346002200211846FFF737FE0346F4
:10B2180019460920FFF708FE0920FFF7E7FD00BFE0
:10B228002037BD4680BD00BF000002400008024034
:10B23800000402400300F00080B400AF044BDB6858
:10B248001B0A03F007031846BD465DF8047B7047E8
:10B2580000ED00E080B483B000AF0346FB7197F9BE
:10B268000730002B0BDBFB7903F01F02074997F926
:10B2780007305B09012000FA02F241F8232000BFE1
:10B288000C37BD465DF8047B704700BF00E100E065
:10B2980080B483B000AF03463960FB7197F907307B
:10B2A800002B0ADB3B68DAB20C4997F90730120128
:10B2B800D2B20B4483F800230AE03B68DAB20849AB
:10B2C800FB7903F00F03043B1201D2B20B441A7648
:10B2D80000BF0C37BD465DF8047B704700E100E015
:10B2E80000ED00E080B489B000AFF860B9607A6022
:10B2F800FB6803F00703FB61FB69C3F10703042B39
:10B3080028BF0423BB61FB690433062B02D9FB6900
:10B31800033B00E000237B614FF0FF32BB6902FA78
:10B3280003F3DA43BB681A407B699A404FF0FF3158
:10B338007B6901FA03F3D9437B680B401343184632
:10B348002437BD465DF8047B7047000080B485B0A3
:10B3580000AF7860084B1A6B07497B6813430B638F
:10B36800054B1A6B7B681340FB60FB6800BF143702
:10B37800BD465DF8047B70470038024080B500AFD9
:10B388004FF40010FFF7E2FFFFF756FF03460022D5
:10B3980000211846FFF7A6FF034619461020FFF7BD
:10B3A80077FF1020FFF756FF00BF80BD80B483B041
:10B3B80000AF78607B681B6823F080027B681A60A6
:10B3C80000BF0C37BD465DF8047B704780B483B07E
:10B3D80000AF78607B681B6823F040027B681A60C6
:10B3E80000BF0C37BD465DF8047B704780B483B05E
:10B3F80000AF786039607B68DB6823F0FE023B6849
:10B408001A437B68DA6000BF0C37BD465DF8047BE1
:10B41800704780B483B000AF78607B68DB6823F046
:10B4280001027B68DA6000BF0C37BD465DF8047B1B
:10B438007047000080B485B000AF7860084B1A6B85
:10B4480007497B6813430B63054B1A6B7B681340F2
:10B45800FB60FB6800BF1437BD465DF8047B70478E
:10B468000038024080B485B000AF7860084B1A6C91
:10B4780007497B6813430B64054B1A6C7B681340C0
:10B48800FB60FB6800BF1437BD465DF8047B70475E
:10B498000038024080B58EB000AF07F118032022B3
:10B4A8000021184603F08CFF3B4600221A605A60C0
:10B4B8009A60DA601A615A610220FFF7BBFF4FF405
:10B4C80040733B6002237B600323BB600123FB6066
:10B4D80000233B6104237B613B461946164800F074
:10B4E8000EFE4FF40010FFF7BDFF1448FFF791FF61
:10B4F8001248FFF76BFF1148FFF758FF0023BB61A5
:10B508000F4BFB614FF480433B620023FB624FF417
:10B5180080633B634FF480437B6307F1180319464C
:10B52800064800F079FF00210448FFF75FFF00BFDD
:10B538003837BD4680BD00BF0004024000540040BB
:10B54800801A060080B58EB000AF07F118032022DC
:10B558000021184603F034FF3B4600221A605A6067
:10B568009A60DA601A615A610220FFF763FF0420CB
:10B57800FFF760FF4FF480633B6002237B60032387
:10B58800BB600123FB6000233B6104237B613B46D6
:10B5980019461F4800F0B3FD4FF480533B60022367
:10B5A8007B600323BB600123FB6000233B61042312
:10B5B8007B613B461946174800F0A1FD4FF4800017
:10B5C800FFF750FF1448FFF724FF1348FFF7FEFE6C
:10B5D8001148FFF7EBFE0023BB61104BFB61002312
:10B5E8003B620023FB624FF480633B634FF480436C
:10B5F8007B6307F118031946074800F00DFF002187
:10B608000548FFF7F3FE00BF3837BD4680BD00BFD1
:10B61800000402400008024000580040801A06005A
:10B6280080B400AF044BDB681B0A03F0070318461D
:10B63800BD465DF8047B704700ED00E080B483B040
:10B6480000AF0346FB7197F90730002B0BDBFB7942
:10B6580003F01F02074997F907305B09012000FA38
:10B6680002F241F8232000BF0C37BD465DF8047B89
:10B67800704700BF00E100E080B483B000AF03462C
:10B688003960FB7197F90730002B0ADB3B68DAB2A7
:10B698000C4997F907301201D2B20B4483F8002302
:10B6A8000AE03B68DAB20849FB7903F00F03043B70
:10B6B8001201D2B20B441A7600BF0C37BD465DF8B2
:10B6C800047B704700E100E000ED00E080B489B041
:10B6D80000AFF860B9607A60FB6803F00703FB61AC
:10B6E800FB69C3F10703042B28BF0423BB61FB6973
:10B6F8000433062B02D9FB69033B00E000237B617E
:10B708004FF0FF32BB6902FA03F3DA43BB681A4011
:10B718007B699A404FF0FF317B6901FA03F3D94303
:10B728007B680B40134318462437BD465DF8047BFD
:10B738007047000080B485B000AF7860084B1A6C81
:10B7480007497B6813430B64054B1A6C7B681340ED
:10B75800FB60FB6800BF1437BD465DF8047B70478B
:10B768000038024080B483B000AF78607B681B6803
:10B7780023F080027B681A6000BF0C37BD465DF875
:10B78800047B704780B483B000AF786039607B6811
:10B798009B6823F4804323F007033A681A437B68C5
:10B7A8009A6000BF0C37BD465DF8047B704780B4D3
:10B7B80083B000AF786039607B685B6823F0700203
:10B7C8003B681A437B685A6000BF0C37BD465DF87A
:10B7D800047B704780B483B000AF78607B689B6857
:10B7E80023F080027B689A6000BF0C37BD465DF885
:10B7F800047B704780B586B000AF3B1D00221A60FD
:10B808005A609A60DA601A610120FFF793FFFFF728
:10B8180007FF0346002200211846FFF757FF03469B
:10B8280019461C20FFF728FF1C20FFF707FF40F2EE
:10B838000773BB800023BB600F23FB6000233B61C1
:10B848003B1D19464FF0804001F01EFD4FF080402F
:10B85800FFF788FF00214FF08040FFF793FF00219A
:10B868004FF08040FFF7A3FF4FF08040FFF7B2FF93
:10B8780000BF1837BD4680BD80B485B000AFF86002
:10B88800B9607A600D4ABB6813441B781A46FB6896
:10B8980013441B6823F0C0020849BB680B441B789B
:10B8A8001946FB680B4419467B6813430B6000BFBD
:10B8B8001437BD465DF8047B704700BF001E0108C1
:10B8C80080B485B000AFF860B9607A600D4ABB6893
:10B8D80013441B781A46FB6813441B6823F49072C0
:10B8E8000849BB680B441B781946FB680B4419468A
:10B8F8007B6813430B6000BF1437BD465DF8047BBB
:10B90800704700BF001E010880B485B000AFF86022
:10B91800B9607A600D4ABB6813441B781A46FB6805
:10B9280013441B6823F400720849BB680B441B7856
:10B938001946FB680B4419467B6813430B6000BF2C
:10B948001437BD465DF8047B704700BF001E010830
:10B9580080B485B000AFF860B9607A600D4ABB6802
:10B9680013441B781A46FB6813441B6823F480624F
:10B978000849BB680B441B781946FB680B441946F9
:10B988007B6813430B6000BF1437BD465DF8047B2A
:10B99800704700BF001E010880B485B000AFF86092
:10B9A800B9607A600D4ABB6813441B781A46FB6875
:10B9B80013441B6823F4C0520849BB680B441B7826
:10B9C8001946FB680B4419467B6813430B6000BF9C
:10B9D8001437BD465DF8047B704700BF001E0108A0
:10B9E80080B485B000AFF860B9607A600D4ABB6872
:10B9F80013441B781A46FB6813441B6823F4C0429F
:10BA08000849BB680B441B781946FB680B44194668
:10BA18007B6813430B6000BF1437BD465DF8047B99
:10BA2800704700BF001E010880B485B000AFF86001
:10BA3800B9607A600D4ABB6813441B781A46FB68E4
:10BA480013441B6823F440320849BB680B441B7835
:10BA58001946FB680B4419467B6813430B6000BF0B
:10BA68001437BD465DF8047B704700BF001E01080F
:10BA780080B485B000AFF860B9607A600D4ABB68E1
:10BA880013441B781A46FB6813441B6823F0606252
:10BA98000849BB680B441B781946FB680B441946D8
:10BAA8007B6813430B6000BF1437BD465DF8047B09
:10BAB800704700BF001E010880B483B000AF7860F3
:10BAC80039600C4A3B6813441B781A467B68134458
:10BAD8005B6908493A680A44127811467A680A4448
:10BAE80023F00403536100BF0C37BD465DF8047BA7
:10BAF800704700BF001E010880B485B000AF7860B1
:10BB0800084B1A6B07497B6813430B63054B1A6B89
:10BB18007B681340FB60FB6800BF1437BD465DF8C7
:10BB2800047B70470038024080B485B000AF78606D
:10BB3800084B1A6C07497B6813430B64054B1A6C56
:10BB48007B681340FB60FB6800BF1437BD465DF897
:10BB5800047B70470038024080B483B000AF78603F
:10BB68007B68DB6843F400527B68DA6000BF0C37FF
:10BB7800BD465DF8047B704780B483B000AF786041
:10BB88007B681B6923F490427B681A617B685B6958
:10BB980023F02A027B685A6100BF0C37BD465DF866
:10BBA800047B704780B58EB000AF07F11C030022FC
:10BBB8001A605A609A60DA601A615A619A613B1D8C
:10BBC80000221A605A609A60DA601A615A614FF46A
:10BBD8000030FFF7A9FF0120FFF78EFF0C237B60E1
:10BBE8000223BB600323FB6000233B6100237B61CE
:10BBF8000723BB613B1D1946274800F080FA4FF028
:10BC0800006205212548FFF733FF0022052123485C
:10BC1800FFF732FE002205212048FFF705FF00222A
:10BC280005211E48FFF74CFE002205211B48FFF79F
:10BC38006BFE4FF4806205211848FFF789FE002249
:10BC480005211648FFF7A8FE002205211348FFF733
:10BC5800C7FE05211148FFF72FFF4FF4E133FB61C1
:10BC680000233B6200237B620023BB620C23FB6240
:10BC780000233B6300237B6307F11C031946084834
:10BC880001F004FE0648FFF777FF0548FFF764FF59
:10BC980000BF3837BD4680BD00000240006002404A
:10BCA8000044004080B483B000AF7860074B5A6905
:10BCB8007B6813407A689A420CBF01230023DBB2E9
:10BCC80018460C37BD465DF8047B7047003C0140C0
:10BCD80080B483B000AF7860044A7B68536100BFCA
:10BCE8000C37BD465DF8047B704700BF003C01403F
:10BCF80080B400AF00BFFDE780B400AF00BFFDE730
:10BD080080B400AF00BFFDE780B400AF00BFFDE71F
:10BD180080B400AF00BFFDE780B400AF00BFBD46F0
:10BD28005DF8047B704780B500AF0820FFF7BAFFC5
:10BD38000346002B02D00820FFF7CAFF00BF80BDD2
:10BD480080B400AF00BFBD465DF8047B70470000BB
:10BD580080B500AF024801F079F800BF80BD00BF90
:10BD6800CC1C002080B582B000AF00237B60104B54
:10BD78005B6C0F4A43F4804353640D4B5B6C03F4D4
:10BD880080437B607B6800233B60094B1B6C084A3F
:10BD980043F080531364064B1B6C03F080533B60E5
:10BDA8003B68072000F011FF00BF0837BD4680BD83
:10BDB8000038024080B58CB000AF78600023FB6289
:10BDC8000023BB6200227968322000F009FF32208C
:10BDD80000F022FF0023FB601F4B1B6C1E4A43F040
:10BDE800080313641C4B1B6C03F00803FB60FB681F
:10BDF80007F1100207F114031146184600F006FE79
:10BE080000F0F0FD03465B00FB62FB6A134AA2FBED
:10BE180003239B0C013BBB62114B124A1A60104B67
:10BE280040F2E732DA600E4ABB6A53600C4B0022DC
:10BE38001A610B4B00229A60094800F03DFF034647
:10BE4800002B04D1064800F091FF034600E00123CF
:10BE580018463037BD4680BD0038024083DE1B439C
:10BE6800CC1C0020000C004080B48BB000AFF86000
:10BE7800B9607A60FB681A68BB687B617B6993FA72
:10BE8800A3F33B613B69BB61BB69002B01D1202354
:10BE980003E0BB69B3FA83F3DBB25B00032101FA69
:10BEA80003F3DB431A40BB683B623B6A93FAA3F394
:10BEB800FB61FB697B627B6A002B01D1202303E0D5
:10BEC8007B6AB3FA83F3DBB25B00796801FA03F3A8
:10BED8001A43FB681A6000BF2C37BD465DF8047B27
:10BEE800704780B485B000AFF860B9607A60FB68CD
:10BEF8005A68BB68DB431A40BB68796801FB03F3E7
:10BF08001A43FB685A6000BF1437BD465DF8047BCE
:10BF1800704780B48BB000AFF860B9607A60FB6896
:10BF28009A68BB687B617B6993FAA3F33B613B69C1
:10BF3800BB61BB69002B01D1202303E0BB69B3FAC5
:10BF480083F3DBB25B00032101FA03F3DB431A40FE
:10BF5800BB683B623B6A93FAA3F3FB61FB697B62B4
:10BF68007B6A002B01D1202303E07B6AB3FA83F3B9
:10BF7800DBB25B00796801FA03F31A43FB689A6045
:10BF880000BF2C37BD465DF8047B704780B48BB08A
:10BF980000AFF860B9607A60FB68DA68BB687B61FB
:10BFA8007B6993FAA3F33B613B69BB61BB69002BD7
:10BFB80001D1202303E0BB69B3FA83F3DBB25B0052
:10BFC800032101FA03F3DB431A40BB683B623B6A77
:10BFD80093FAA3F3FB61FB697B627B6A002B01D1B7
:10BFE800202303E07B6AB3FA83F3DBB25B00796852
:10BFF80001FA03F31A43FB68DA6000BF2C37BD4629
:10C008005DF8047B704780B48BB000AFF860B9600E
:10C018007A60FB681A6ABB687B617B6993FAA3F351
:10C028003B613B69BB61BB69002B01D1202303E065
:10C03800BB69B3FA83F3DBB29B000F2101FA03F368
:10C04800DB431A40BB683B623B6A93FAA3F3FB618C
:10C05800FB697B627B6A002B01D1202303E07B6AAA
:10C06800B3FA83F3DBB29B00796801FA03F31A434E
:10C07800FB681A6200BF2C37BD465DF8047B704729
:10C0880080B48BB000AFF860B9607A60FB685A6A18
:10C09800BB681B0A7B617B6993FAA3F33B613B692D
:10C0A800BB61BB69002B01D1202303E0BB69B3FA54
:10C0B80083F3DBB29B000F2101FA03F3DB431A4041
:10C0C800BB681B0A3B623B6A93FAA3F3FB61FB69FB
:10C0D8007B627B6A002B01D1202303E07B6AB3FAE1
:10C0E80083F3DBB29B00796801FA03F31A43FB6818
:10C0F8005A6200BF2C37BD465DF8047B704780B597
:10C108008AB000AF7860396000237B6200233B620D
:10C118003B681B68BB61BB6993FAA3F37B617B69CE
:10C12800FB61FB69002B01D1202303E0FB69B3FA13
:10C1380083F3DBB27B6257E03B681A6801217B6AB4
:10C1480001FA03F313403B623B6A002B49D03B687A
:10C158005B68012B03D03B685B68022B0DD13B6801
:10C168009B681A46396A7868FFF7D3FE3B68DB6834
:10C178001A46396A7868FFF7B4FE3B681B691A46A5
:10C18800396A7868FFF702FF3B685B68022B21D1A8
:10C198003B6AFB60FB6893FAA3F3BB60BB683B6137
:10C1A8003B69002B01D1202303E03B69B3FA83F3F9
:10C1B800DBB2072B07D83B685B691A46396A78688F
:10C1C800FFF721FF06E03B685B691A46396A786821
:10C1D800FFF756FF3B685B681A46396A7868FFF7CD
:10C1E80043FE7B6A01337B623B681A687B6A22FAEA
:10C1F80003F3002BA0D1002318462837BD4680BD85
:10C2080080B483B000AF78607B681B6843F001029C
:10C218007B681A6000BF0C37BD465DF8047B704729
:10C2280080B483B000AF78607B681B6823F001029C
:10C238007B681A6000BF0C37BD465DF8047B704709
:10C2480080B485B000AFF860B9607A60FB685B6A5B
:10C2580023F01F02B9687B680B431A43FB685A62D4
:10C2680000BF1437BD465DF8047B704780B485B0C5
:10C2780000AFF860B9607A60FB689B6823F40343F9
:10C2880023F0FF03B9687A680A431A43FB689A6087
:10C2980000BF1437BD465DF8047B704780B487B093
:10C2A80000AFF860B9607A603B6000233B6100230F
:10C2B8007B61BB68424AA2FB03239B0C3B61FB6882
:10C2C8005B6823F03F023B691A43FB685A60FB68CE
:10C2D8001B6A23F03F027B683A498B4202D83B69CC
:10C2E800013309E03B694FF4967101FB03F33649CA
:10C2F800A1FB03139B0901331A43FB681A627B688D
:10C30800304A934239D93B68002B17D17A681346D3
:10C318005B001344BA68B2FBF3F3C3F30B03002BBF
:10C3280009D07A6813465B001344BA68B2FBF3F38A
:10C3380043F400431DE048F201031AE07A6813460B
:10C348009B0013449A001344BA68B2FBF3F3C3F397
:10C358000B03002B0BD07A6813469B0013449A00FA
:10C368001344BA68B2FBF3F343F4004301E048F224
:10C3780001033A6813437B6111E07B685B00BA688C
:10C38800B2FBF3F240F6FC731340002B05D07B6838
:10C398005B00BA68B2FBF3F300E004237B61FB683F
:10C3A800DB6923F44F4323F0FF037A691A43FB68E0
:10C3B800DA6100BF1C37BD465DF8047B704700BFDB
:10C3C80083DE1B43A0860100D34D621080B483B086
:10C3D80000AF786039607B681B6823F01A023B68FD
:10C3E8001A437B681A6000BF0C37BD465DF8047BB2
:10C3F800704780B483B000AF786039607B681B6891
:10C4080023F480623B681A437B681A6000BF0C37CC
:10C41800BD465DF8047B704780B586B000AF786094
:10C4280039607868FFF7FCFE07F10803184600F04A
:10C43800ABF83B68D9683B681B691A467868FFF710
:10C44800FFFE39693B685A683B689B687868FFF764
:10C4580025FF3B6859693B68DB691A467868FFF72E
:10C4680005FF3B681B6819467868FFF7AFFF7868D7
:10C47800FFF7C6FE3B689B6919467868FFF7B9FF66
:10C48800002318461837BD4680BD000080B400AFB1
:10C49800044B9B6803F00C031846BD465DF8047B0B
:10C4A800704700BF0038024080B400AF044B9B685F
:10C4B80003F0F0031846BD465DF8047B704700BFE3
:10C4C8000038024080B400AF044B9B6803F4E0538B
:10C4D8001846BD465DF8047B704700BF003802402F
:10C4E80080B400AF044B9B6803F460431846BD4614
:10C4F8005DF8047B704700BF0038024080B400AF8D
:10C50800044B5B6803F480031846BD465DF8047B62
:10C51800704700BF0038024080B400AF044B5B682E
:10C528009B09C3F308031846BD465DF8047B7047B2
:10C538000038024080B400AF044B5B6803F440331A
:10C548001846BD465DF8047B704700BF00380240BE
:10C5580080B400AF044B5B6803F0E0431846BD4667
:10C568005DF8047B704700BF0038024080B400AF1C
:10C57800044B5B6803F03F031846BD465DF8047B37
:10C58800704700BF0038024080B582B000AF7860C5
:10C5980000F020F802467B681A607B681B68184622
:10C5A80000F05CF802467B685A607B685B68184656
:10C5B80000F06AF802467B689A607B685B681846F8
:10C5C80000F076F802467B68DA6000BF0837BD469F
:10C5D80080BD000080B582B000AF00237B60FFF70C
:10C5E80055FF03460C2B2DD801A252F823F000BFAB
:10C5F8002DC600084DC600084DC600084DC60008E7
:10C6080033C600084DC600084DC600084DC60008D0
:10C6180039C600084DC600084DC600084DC60008BA
:10C6280043C600080B4B7B600FE00B4B7B600CE0B4
:10C63800082000F051F8786007E00C2000F04CF872
:10C64800786002E0034B7B6000BF7B6818460837C0
:10C65800BD4680BD0024F40000127A0080B582B087
:10C6680000AF7860FFF720FF03461B0903F00F03B4
:10C67800044AD35C1A467B68D34018460837BD463F
:10C6880080BD00BF081E010880B582B000AF786089
:10C69800FFF718FF03469B0A044AD35C1A467B68D7
:10C6A800D34018460837BD4680BD00BF181E010894
:10C6B80080B582B000AF7860FFF712FF03465B0BCE
:10C6C800044AD35C1A467B68D34018460837BD46EF
:10C6D80080BD00BF181E010890B587B000AF786014
:10C6E80000237B610023FB6000233B61FFF706FF0B
:10C6F800F860FB68002B04D0FB68B3F5800F03D00B
:10C7080005E01C4B7B6105E01B4B7B6102E0194B8C
:10C718007B6100BF7B68082B14D1FFF727FF024617
:10C728007B69B3FBF2F4FFF7F7FE034603FB04F45F
:10C73800FFF700FF03461B0C01335B00B4FBF3F368
:10C748003B6111E0FFF712FF02467B69B3FBF2F48D
:10C75800FFF7E2FE034603FB04F4FFF7F9FE034686
:10C768001B0FB4FBF3F33B613B6918461C37BD460E
:10C7780090BD00BF0024F40000127A0080B483B09A
:10C7880000AF7860044A7B68136000BF0C37BD4671
:10C798005DF8047B704700BF4401002080B483B07B
:10C7A80000AF7860054B1A6804497B6813430B6037
:10C7B80000BF0C37BD465DF8047B7047003C014064
:10C7C80080B483B000AF7860064B1A687B68DB439F
:10C7D800044913400B6000BF0C37BD465DF8047B6D
:10C7E800704700BF003C014080B483B000AF786060
:10C7F800054B5A6804497B6813434B6000BF0C37EC
:10C80800BD465DF8047B7047003C014080B483B0AE
:10C8180000AF7860064B5A687B68DB4304491340D5
:10C828004B6000BF0C37BD465DF8047B704700BF06
:10C83800003C014080B483B000AF7860054B9A6833
:10C8480004497B6813438B6000BF0C37BD465DF815
:10C85800047B7047003C014080B483B000AF78602F
:10C86800064B9A687B68DB43044913408B6000BF22
:10C878000C37BD465DF8047B704700BF003C0140A3
:10C8880080B483B000AF7860054BDA6804497B68F0
:10C898001343CB6000BF0C37BD465DF8047B70477F
:10C8A800003C014080B483B000AF7860064BDA6882
:10C8B8007B68DB4304491340CB6000BF0C37BD469F
:10C8C8005DF8047B704700BF003C014080B584B030
:10C8D80000AF78600023FB737B681B79002B65D061
:10C8E8007B681B68002B6BD07B685B79022B1CD0A4
:10C8F800022B25DC002B02D0012B0BD020E07B681B
:10C908001B681846FFF782FF7B681B681846FFF70D
:10C9180045FF18E07B681B681846FFF751FF7B68E6
:10C928001B681846FFF760FF0DE07B681B68184618
:10C93800FFF734FF7B681B681846FFF755FF02E0D6
:10C948000123FB7300BF7B689B79002B38D07B6881
:10C958009B79032B1CD0032B25DC012B02D0022B47
:10C968000BD020E07B681B681846FFF79BFF7B68AD
:10C978001B681846FFF75EFF22E07B681B681846B5
:10C98800FFF76AFF7B681B681846FFF779FF17E017
:10C998007B681B681846FFF74DFF7B681B681846C5
:10C9A800FFF76EFF0CE00123FB7309E07B681B684F
:10C9B8001846FFF705FF7B681B681846FFF726FF38
:10C9C800FB7B18461037BD4680BD000080B400AF21
:10C9D800034B1B681846BD465DF8047B704700BFD3
:10C9E8004401002080B500AFFFF7F0FF0246054B79
:10C9F8009B689B0A03F007030349CB5C22FA03F305
:10CA0800184680BD00380240181E010880B483B063
:10CA180000AF786039607B680F221A60124B9B6800
:10CA280003F003027B685A600F4B9B6803F0F00227
:10CA38007B689A600C4B9B6803F4E0527B68DA6071
:10CA4800094B9B68DB0803F4E0527B681A61074BCB
:10CA58001B6803F00F023B681A6000BF0C37BD4625
:10CA68005DF8047B704700BF00380240003C02407C
:10CA780080B485B000AF78607B6803F00703FB6083
:10CA88000C4BDB68BB60BA684FF6FF031340BB6012
:10CA9800FB681A02BB68134343F0BF6343F40033D7
:10CAA800BB60044ABB68D36000BF1437BD465DF85D
:10CAB800047B704700ED00E080B400AF044BDB68F6
:10CAC8001B0A03F007031846BD465DF8047B704750
:10CAD80000ED00E080B483B000AF0346FB7197F926
:10CAE8000730002B0BDBFB7903F01F02074997F98E
:10CAF80007305B09012000FA02F241F8232000BF49
:10CB08000C37BD465DF8047B704700BF00E100E0CC
:10CB180080B483B000AF03463960FB7197F90730E2
:10CB2800002B0ADB3B68DAB20C4997F9073012018F
:10CB3800D2B20B4483F800230AE03B68DAB2084912
:10CB4800FB7903F00F03043B1201D2B20B441A76AF
:10CB580000BF0C37BD465DF8047B704700E100E07C
:10CB680000ED00E080B489B000AFF860B9607A6089
:10CB7800FB6803F00703FB61FB69C3F10703042BA0
:10CB880028BF0423BB61FB690433062B02D9FB6968
:10CB9800033B00E000237B614FF0FF32BB6902FAE0
:10CBA80003F3DA43BB681A407B699A404FF0FF31C0
:10CBB8007B6901FA03F3D9437B680B40134318469A
:10CBC8002437BD465DF8047B704780B582B000AF5E
:10CBD80078607868FFF74CFF00BF0837BD4680BD16
:10CBE80080B586B000AF0346B9607A60FB73002356
:10CBF8007B61FFF761FF78617A68B9687869FFF748
:10CC0800B1FF024697F90F3011461846FFF780FF2B
:10CC180000BF1837BD4680BD80B582B000AF03465F
:10CC2800FB7197F907301846FFF754FF00BF083724
:10CC3800BD4680BD80B500AF0E4B1B680D4A43F45E
:10CC4800007313600B4B1B680A4A43F4806313603C
:10CC5800084B1B68074A43F4807313600320FFF7EF
:10CC6800B4FF0020FFF7A6F8FFF77CF8002318466A
:10CC780080BD00BF003C024080B400AF064B1B786B
:10CC88001A46064B1B681344044A136000BFBD468E
:10CC98005DF8047B704700BF40010020141D002090
:10CCA80080B400AF034B1B681846BD465DF8047B93
:10CCB800704700BF141D002080B582B000AF7860B7
:10CCC8007B68002B01D1012341E07B6893F83D305C
:10CCD800DBB2002B06D17B68002283F83C20786801
:10CCE80000F039F87B68022283F83D207B681A68D7
:10CCF8007B6804331946104600F0D8F97B68012296
:10CD080083F846207B68012283F83E207B68012255
:10CD180083F83F207B68012283F840207B6801224A
:10CD280083F841207B68012283F842207B68012236
:10CD380083F843207B68012283F844207B68012222
:10CD480083F845207B68012283F83D20002318469C
:10CD58000837BD4680BD80B483B000AF786000BF9F
:10CD68000C37BD465DF8047B7047000080B485B081
:10CD780000AF78607B6893F83D30DBB2012B01D0BF
:10CD880001234EE07B68022283F83D207B681B6804
:10CD9800DA687B681B6842F00102DA607B681B680E
:10CDA800234A934222D07B681B68B3F1804F1DD081
:10CDB8007B681B681F4A934218D07B681B681E4A11
:10CDC800934213D07B681B681C4A93420ED07B6841
:10CDD8001B681B4A934209D07B681B68194A934217
:10CDE80004D07B681B68184A934211D17B681B6882
:10CDF8009B6803F00703FB60FB68062B10D07B6879
:10CE08001B681A687B681B6842F001021A6007E019
:10CE18007B681B681A687B681B6842F001021A600D
:10CE2800002318461437BD465DF8047B704700BFE1
:10CE3800000001400004004000080040000C0040D1
:10CE480000040140004001400018004080B582B055
:10CE580000AF78607B681B681B6903F00203022B34
:10CE680022D17B681B68DB6803F00203022B1BD10D
:10CE78007B681B686FF002021A617B6801221A77CF
:10CE88007B681B689B6903F00303002B03D0786859
:10CE980000F0EEF805E0786800F0E0F8786800F057
:10CEA800F1F87B6800221A777B681B681B6903F01E
:10CEB8000403042B22D17B681B68DB6803F004039E
:10CEC800042B1BD17B681B686FF004021A617B6816
:10CED80002221A777B681B689B6903F44073002B56
:10CEE80003D0786800F0C4F805E0786800F0B6F878
:10CEF800786800F0C7F87B6800221A777B681B689F
:10CF08001B6903F00803082B22D17B681B68DB68C8
:10CF180003F00803082B1BD17B681B686FF008021D
:10CF28001A617B6804221A777B681B68DB6903F047
:10CF38000303002B03D0786800F09AF805E07868BE
:10CF480000F08CF8786800F09DF87B6800221A776A
:10CF58007B681B681B6903F01003102B22D17B68C8
:10CF68001B68DB6803F01003102B1BD17B681B6860
:10CF78006FF010021A617B6808221A777B681B68B9
:10CF8800DB6903F44073002B03D0786800F070F875
:10CF980005E0786800F062F8786800F073F87B685C
:10CFA80000221A777B681B681B6903F00103012BB9
:10CFB8000ED17B681B68DB6803F00103012B07D1E6
:10CFC8007B681B686FF001021A617868FDF7E8FE5C
:10CFD8007B681B681B6903F08003802B0ED17B687C
:10CFE8001B68DB6803F08003802B07D17B681B6814
:10CFF8006FF080021A61786800F002F97B681B689C
:10D008001B6903F04003402B0ED17B681B68DB686B
:10D0180003F04003402B07D17B681B686FF0400288
:10D028001A61786800F038F87B681B681B6903F0A0
:10D038002003202B0ED17B681B68DB6803F02003DC
:10D04800202B07D17B681B686FF020021A61786873
:10D0580000F0CCF800BF0837BD4680BD80B483B06F
:10D0680000AF786000BF0C37BD465DF8047B7047A1
:10D0780080B483B000AF786000BF0C37BD465DF860
:10D08800047B704780B483B000AF786000BF0C3772
:10D09800BD465DF8047B704780B483B000AF78600C
:10D0A80000BF0C37BD465DF8047B704780B485B07F
:10D0B80000AF786039607B681B68FB607B68404A1A
:10D0C800934213D07B68B3F1804F0FD07B683D4A01
:10D0D80093420BD07B683C4A934207D07B683B4A1B
:10D0E800934203D07B683A4A934208D1FB6823F005
:10D0F8007003FB603B685B68FA681343FB607B68FE
:10D108002F4A93422BD07B68B3F1804F27D07B689E
:10D118002C4A934223D07B682B4A93421FD07B68CA
:10D128002A4A93421BD07B68294A934217D07B68CE
:10D13800284A934213D07B68274A93420FD07B68D2
:10D14800264A93420BD07B68254A934207D07B68D6
:10D15800244A934203D07B68234A934208D1FB6850
:10D1680023F44073FB603B68DB68FA681343FB6099
:10D17800FB6823F080023B685B691343FB607B68B4
:10D18800FA681A603B689A687B68DA623B681A68D2
:10D198007B689A627B680A4A934203D07B680C4A90
:10D1A800934203D13B681A697B681A637B68012242
:10D1B8005A6100BF1437BD465DF8047B704700BF55
:10D1C800000001400004004000080040000C00403E
:10D1D8000004014000400140004401400048014073
:10D1E80000180040001C00400020004080B483B0BC
:10D1F80000AF786000BF0C37BD465DF8047B704710
:10D2080080B483B000AF786000BF0C37BD465DF8CE
:10D21800047B704780B483B000AF786039607B6866
:10D228003A689A6200BF0C37BD465DF8047B7047C8
:10D2380080B483B000AF786039607B683A68DA629E
:10D2480000BF0C37BD465DF8047B704780B483B0DF
:10D2580000AF786039607B683A681A6300BF0C37A2
:10D26800BD465DF8047B704780B483B000AF78603A
:10D278007B685B6943F001027B685A6100BF0C3729
:10D28800BD465DF8047B704780B584B000AF786018
:10D2980039607B681B68FB607B683D4A934213D00A
:10D2A8007B68B3F1804F0FD07B683A4A93420BD02A
:10D2B8007B68394A934207D07B68384A934203D047
:10D2C8007B68374A934206D1FB6823F070023B68BB
:10D2D8005B681343FB607B682D4A93422BD07B68C5
:10D2E800B3F1804F27D07B682A4A934223D07B68CA
:10D2F800294A93421FD07B68284A93421BD07B68F7
:10D30800274A934217D07B68264A934213D07B68FA
:10D31800254A93420FD07B68244A93420BD07B68FE
:10D32800234A934207D07B68224A934203D07B6802
:10D33800214A934206D1FB6823F440723B68DB68BC
:10D348001343FB607B68FA681A603B689B68194660
:10D358007868FFF76DFF3B681B8819467868FFF708
:10D3680059FF7B680A4A934203D07B680C4A934270
:10D3780005D13B681B6919467868FFF767FF78682D
:10D38800FFF772FF002318461037BD4680BD00BF67
:10D39800000001400004004000080040000C00406C
:10D3A80000040140004001400044014000480140A1
:10D3B80000180040001C00400020004080B483B0EA
:10D3C80000AF78607B68DB6803F40053B3F5005F57
:10D3D8000CBF01230023DBB218460C37BD465DF8AD
:10D3E800047B704780B483B000AF786039607B6895
:10D3F8001B6923F440523B681A437B681A6100BFDB
:10D408000C37BD465DF8047B704780B483B000AF2D
:10D41800786039607B685B6923F440723B681A4323
:10D428007B685A6100BF0C37BD465DF8047B7047C6
:10D438002DE9B04FC0B000AFC7F8FC00C7F8F8102E
:10D44800C7F8F420C7F8F030D7F8F430B3F5004F38
:10D4580040F00C81D7F8F8300022C7F8E830C7F858
:10D46800EC20D7E93A4522462B46911839665B41AC
:10D478007B66D7E91823214612EB0108294643EBBE
:10D4880001094FF000024FF000034FEAC90343EAD5
:10D4980058734FEAC80290469946234618EB03038F
:10D4A800C7F8E0302B4649EB0303C7F8E430D7F858
:10D4B800F03000229A4693461AEB0A03BB654BEB01
:10D4C8000B03FB65D7E91623D7E93801F3F77CFB93
:10D4D80002460B46644BA3FB02235B099BB21B016C
:10D4E8009CB2D7F8F8300022C7F8D830C7F8DC204B
:10D4F800D7E9368942464B46911839655B417B65C9
:10D50800D7E9142341465118B96449464B41FB6495
:10D518004FF000024FF00003D7E912AB5946CB0099
:10D52800514643EA51735146CA001046194603460C
:10D5380042469B18C7F8D0304B460A4642EB0303D5
:10D54800C7F8D430D7F8F0300022C7F8C830C7F889
:10D55800CC20D7E932120B46DB183B64134642EB6A
:10D5680003037B64D7E91023D7E93401F3F72CFBD5
:10D5780002460B4611463C4BA3FB01235B09642280
:10D5880002FB03F3CB1ADB0003F13202364BA3FB99
:10D5980002235B099BB25B009BB203F4F8739BB256
:10D5A80023449CB2D7F8F8300022C7F8C030C7F837
:10D5B800C420D7E9308942464B469118B9635B418C
:10D5C800FB63D7E90E2341465118396349464B415D
:10D5D8007B634FF000024FF00003D7E90CAB5946CC
:10D5E800CB00514643EA51735146CA0010461946CA
:10D5F800034642469B18C7F8B8304B460A4642EBEA
:10D608000303C7F8BC30D7F8F0300022C7F8B030B1
:10D61800C7F8B420D7E92C120B46DB18BB621346B7
:10D6280042EB0303FB62D7E90A23D7E92E01F3F79C
:10D63800CBFA02460B460C4BA3FB02135B09642191
:10D6480001FB03F3D31ADB003233074AA2FB03239F
:10D658005B099BB203F007039BB223449BB21A46B3
:10D66800D7F8FC309A6008E11F85EB51D7F8F830FD
:10D678000022C7F8A830C7F8AC20D7E92A89424663
:10D688004B46911839625B417B62D7E908234146D2
:10D698005418494643EB01054FF000024FF00003D0
:10D6A800EB0043EA5473E20014461D464346E31870
:10D6B800C7F8A0304B4645EB0303C7F8A430D7F8AA
:10D6C800F0300022C7F89830C7F89C204FF00002CD
:10D6D8004FF00003D7E9264529468B00214643EA47
:10D6E800917321468A00D7E92801F3F76DFA0246BB
:10D6F8000B46654BA3FB02235B099BB21B019CB243
:10D70800D7F8F8300022C7F89030C7F89420D7E946
:10D71800248942464B469118B9615B41FB61D7E9C0
:10D72800062341465118396149464B417B614FF008
:10D7380000024FF00003D7E904AB5946CB0051462D
:10D7480043EA51735146CA001046194603464246F9
:10D758009B18C7F888304B460A4642EB0303C7F8C4
:10D768008C30D7F8F0300022C7F88030C7F8842012
:10D778004FF000024FF00003D7E9208949468B009B
:10D78800414643EA917341468A00D7E92201F3F7FB
:10D798001BFA02460B4611463B4BA3FB01235B09D0
:10D7A800642202FB03F3CB1A1B013233364AA2FB75
:10D7B80003235B099BB203F0F0039BB223449CB2A2
:10D7C800D7F8F8300022BB67FA67D7E91E894246C6
:10D7D8004B469118B9605B41FB60D7E9022341468B
:10D7E8005118396049464B417B604FF000024FF0B9
:10D7F8000003D7E900AB5946CB00514643EA5173C1
:10D808005146CA0010461946034642469B183B67D4
:10D818004B460A4642EB03037B67D7F8F0300022F9
:10D82800BB66FA664FF000024FF00003D7E91A8989
:10D8380049468B00414643EA917341468A00D7E93D
:10D848001C01F3F7C1F902460B460F4BA3FB021369
:10D858005B09642101FB03F3D31A1B0132330A4A23
:10D86800A2FB03235B099BB203F00F039BB2234483
:10D878009BB21A46D7F8FC309A6000BF07F580774C
:10D88800BD46BDE8B08F00BF1F85EB5180B588B09D
:10D8980000AF786039600123FB770023BB617868AB
:10D8A800FFF78CFD0346002B5ED17B68DB6823F411
:10D8B800164323F00C033A6851683A68D26811435A
:10D8C8003A68126911433A6892690A431A437B68B5
:10D8D800DA603B689B6819467868FFF783FD3B6808
:10D8E8005B6919467868FFF790FD07F10803184649
:10D8F800FEF74AFE7B681F4A934202D17B69BB61EF
:10D9080021E07B681C4A934202D13B69BB611AE063
:10D918007B681A4A934202D13B69BB6113E07B687A
:10D92800174A934202D17B69BB610CE07B68154AB8
:10D93800934202D13B69BB6105E07B68124A93427E
:10D9480001D13B69BB61BB69002B0DD03B681B68EB
:10D95800002B09D00023FB773B689A693B681B685A
:10D96800B9697868FFF764FDFB7F18462037BD4624
:10D9780080BD00BF00100140004400400048004046
:10D9880000140140004C00400050004080B400AF3B
:10D99800064BD3F88830054A43F47003C2F8883040
:10D9A80000BFBD465DF8047B704700BF00ED00E096
:10D9B800DFF834D00D480E490E4A002302E0D4584F
:10D9C800C4500433C4188C42F9D30B4A0B4C0023BF
:10D9D80001E013600432A242FBD3FFF7D7FF01F046
:10D9E800FDFCF4F701FB7047000002200000002056
:10D9F800980100201820010898010020501E0020DE
:10DA0800FEE70000F8B52DED028B57EC106B55ECD6
:10DA1800114B00F033FB3046394622462B46B0EE18
:10DA2800408AF0EE608AF3F721F830B9002200232B
:10DA380020462946F2F7E8FF30B9B0EE480AF0EE82
:10DA4800680ABDEC028BF8BD01F0C2FC002200237D
:10DA58002121016010461946F2F798FE41EC180B97
:10DA6800B0EE480AF0EE680ABDEC028BF8BD00BFC4
:10DA780051EC100B1E4A21F0004393421ED900B509
:10DA88001C4A934285B008D902460B46F2F79CFB24
:10DA980041EC100B05B05DF804FB684600F074FC1F
:10DAA80000F0030001289DED021B9DED000B14D032
:10DAB800022807D0A0B900F0EBF8EBE79FED0A1BAE
:10DAC80000F0E6B800F0E4F853EC102B03F1004343
:10DAD80000EE903A05B05DF804FB00F011FAF3E7A8
:10DAE800012000F00DFAD5E700000000000000005A
:10DAF800FB21E93FFFFFEF7F51EC100B204A21F09B
:10DB0800004393421FD900B51E4A934285B008D9F5
:10DB180002460B46F2F758FB41EC100B05B05DF8D6
:10DB280004FB684600F030FC00F0030001289DED7E
:10DB3800021B9DED000B17D0022809D0B8B90120AF
:10DB480000F0DEF9EAE79FED0C1B002000F0D8B9E1
:10DB5800012000F0D5F953EC102B03F1004300EE3F
:10DB6800903A05B05DF804FB00F092F8D6E700F0B3
:10DB78008FF8F0E7AFF3008000000000000000001D
:10DB8800FB21E93FFFFFEF7F51EC100BC1F30A5374
:10DB98002DE9F041A3F2FF35132D0C46064632DC81
:10DBA800002D20DB384B43FA05F801EA080303434C
:10DBB8000F462DD032A3D3E90023F2F707FB00224A
:10DBC8000023F2F749FF40B1002C03DA4FF4801329
:10DBD8002B411F4427EA080400262346324643EC1B
:10DBE800102BBDE8F08126A3D3E90023F2F7EEFA63
:10DBF80000220023F2F730FF0028EED0002C2ADBA9
:10DC080000263446E9E7332D06DDB5F5806F1BD0D5
:10DC180041EC100BBDE8F081A3F213434FF0FF373E
:10DC2800DF400742F4D016A3D3E90023F2F7CEFA77
:10DC380000220023F2F710FF0028CED0002C334634
:10DC480010DB23EA0706C8E702460B46F2F7BEFADE
:10DC580041EC100BDEE724F0004426430DD14FF0D1
:10DC68000044BAE7142D06D0C5F134050122AA40B4
:10DC78001344B342E5D20134E3E7044C0026ACE791
:10DC88009C7500883CE4377EFFFF0F000000F0BF62
:10DC98002DE9F04F57EC106B27F00048B8F1795F89
:10DCA8005BEC11AB85B071D230463946F2F7F4FE21
:10DCB800002800F0F48032463B4630463946F2F7F9
:10DCC8003BFC79A3D3E9002304460D46F2F734FC64
:10DCD80077A3D3E90023F2F779FA22462B46F2F725
:10DCE8002BFC75A3D3E90023F2F76EFA22462B46E4
:10DCF800F2F722FC72A3D3E90023F2F767FA22466F
:10DD08002B46F2F719FC70A3D3E90023F2F75CFA6B
:10DD180022462B46F2F710FC6DA3D3E90023F2F755
:10DD280055FA22462B46F2F707FCCDE900016E4B67
:10DD3800002220462946F2F7FFFBDDE90023804652
:10DD4800894620462946F2F7F7FB44464D46804669
:10DD5800894652465B4630463946F2F7EDFB0246A5
:10DD68000B4640464946F2F72FFA02460B46204634
:10DD78002946F2F729FA02460B4600205B49F2F7DA
:10DD880023FA41EC100B05B0BDE8F08F32463B4654
:10DD980030463946F2F7D0FB43A3D3E900230446C3
:10DDA8000D46F2F7C9FB42A3D3E90023F2F70EFAB6
:10DDB80022462B46F2F7C0FB3FA3D3E90023F2F734
:10DDC80003FA22462B46F2F7B7FB3DA3D3E900231B
:10DDD800F2F7FCF922462B46F2F7AEFB3AA3D3E959
:10DDE8000023F2F7F1F922462B46F2F7A5FB38A3F8
:10DDF800D3E90023F2F7EAF92B462246F2F79CFB17
:10DE08003B4B9845CDE9000191D93A4B98453DD80F
:10DE1800A8F5001300223549002090469946F2F7EC
:10DE2800D3F9CDE90201304B002220462946F2F70A
:10DE380083FB42464B46F2F7C7F9DDE900238046EB
:10DE4800894620462946F2F777FB44464D468046E8
:10DE5800894652465B4630463946F2F76DFB024624
:10DE68000B4640464946F2F7AFF902460B462046B4
:10DE78002946F2F7A9F902460B46DDE90201F2F755
:10DE8800A3F941EC100B05B0BDE8F08F9FED127BB4
:10DE9800DFF864908DED027B4FF00008C3E79FED3B
:10DEA800100B05B0BDE8F08FD43888BEE9FAA8BDDC
:10DEB800C4B1B4BD9EEE213EAD529C804F7E923ED1
:10DEC8009015CB19A001FA3E7751C1166CC1563F87
:10DED8004C5555555555A53F000000000000E73F3B
:10DEE800000000000000F03F0000E03F0000F03FAD
:10DEF8003233D33F0000E93F0000D23F000000006A
:10DF08002DE9F04F55EC104B25F0004385B0B3F1E7
:10DF1800795F8DED001B804606D220462946F2F730
:10DF2800BBFD002800F08A8022462B462046294661
:10DF3800F2F702FB06460F4632463B462046294684
:10DF4800F2F7FAFA43A3D3E9002382468B46304618
:10DF58003946F2F7F1FA41A3D3E90023F2F734F98D
:10DF680032463B46F2F7E8FA3EA3D3E90023F2F73C
:10DF78002DF932463B46F2F7DFFA3CA3D3E90023FA
:10DF8800F2F722F932463B46F2F7D6FA39A3D3E93B
:10DF98000023F2F71BF9CDE90201B8F1000F35D0E3
:10DFA800DDE900012A4B0022F2F7C6FADDE9022377
:10DFB8008046894650465946F2F7BEFA02460B4655
:10DFC80040464946F2F700F932463B46F2F7B4FAC2
:10DFD800DDE90023F2F7F8F81BA3D3E9002306468E
:10DFE8000F4650465946F2F7A7FA02460B46304606
:10DFF8003946F2F7EBF802460B4620462946F2F777
:10E00800E3F841EC100B05B0BDE8F08F02460B4673
:10E0180030463946F2F790FA0BA3D3E90023F2F71A
:10E02800D3F852465B46F2F787FA22462B46F2F7B8
:10E03800CDF841EC100B05B0BDE8F08F45EC104B66
:10E0480005B0BDE8F08F00BF495555555555C53F3A
:10E058000000E03F7CD5CF5A3AD9E53DEB9C2B8AAE
:10E06800E6E55A3E7DFEB157E31DC73ED561C119AD
:10E07800A0012A3FA6F810111111813F53EC112B72
:10E088002DE9F04723F0004852EA080155EC104BFF
:10E0980047D0B74925F0004A8A45A94641D8504299
:10E0A800B44E40EA020148EAD171B142964638D8E6
:10E0B800C2451F46214605F0004C3EDCC0F2848074
:10E0C800A24200F2818000F0B580354245D1BAF114
:10E0D800000F34D1002C234640F32A81A64A5B0066
:10E0E800002B02F1FF32FADCA24B3B40002B40F040
:10E0F8009380B8F1000F40F0DF80BEF1000F734647
:10E108006DDC9D4E9D48801A1F2800F3F08002F2B6
:10E118001E4321FA03F30AFA00FA43EA0A0381408C
:10E128006AE020462946F2F707FA02460B46F2F75C
:10E138002DFB41EC100BBDE8F08735420DD18F4A1D
:10E148004FEACA235B00002B02F1FF32CCDD5B00F3
:10E15800002B02F1FF32F5DCC6E7864B4FEA2A5264
:10E168003B40A2F2FF3293B34FEA2850C9F313039E
:10E17800A0F2FF3643F48013A1EB0E00C7F313059A
:10E1880045F48015921B0BD163E0013858D4A1EBFC
:10E198000E04E30F013A03EB40034FEA440156D063
:10E1A8007145A3EB0500F0D30028A1EB0E0447DB73
:10E1B80050EA0403EDD1724B4FEADC7C03EBCC034D
:10E1C80093ED000BBDE8F08745EC104BB3E7B8F1D1
:10E1D800000F71D1BEF1000F734640F3B480664E54
:10E1E8005B00002B06F1FF36FADC644B9A4289DBB0
:10E1F800C9F3130343F48013604CA41B1F2C4CDC9D
:10E2080006F21E452EFA05F508FA04F00EFA04FE89
:10E218000543A1EB0E00B5E7584CA41A4FEA28585D
:10E228001F2CA8F2FF3672DD564B9B1A01FA03F336
:10E238000021A3E7524B03EB1C7393ED000B7AE725
:10E24800C80F013A00EB43034FEA4101A8D1A1EB03
:10E258000E005A1B8E4588BF02F1FF32002ABCBF50
:10E2680008461A4652EA000305D1A4E7C30F03EB98
:10E2780042024000013EB2F5801FF7DB3F4B9E4251
:10E2880023DBA2F5801242EA0C0106F2FF3641EACE
:10E298000653024643EC102B4DE73A4D921BA5EB73
:10E2A80006050EFA05F518BF4FF0000E7FF478AF9B
:10E2B8005A1B0846D2E7304A304E4FEAC8235B0063
:10E2C800002B06F1FF36FADC8FE79B1B142B14DCBE
:10E2D80006F21E41D84002FA01F142FA03F3014363
:10E2E80043EA0C0C63460A4643EC102B23E7254B04
:10E2F8009B1A01FA03F300217EE71F2B13DC06F2B9
:10E308001E4120FA03F302FA01F11943EAE702F287
:10E318001E4321FA03F30AFA04FA43EA0A03A14066
:10E32800A1EB0E002AE71749891B42FA01F1D9E748
:10E33800104B3B407BB14FEA28500F4AA0F2FF3602
:10E34800E30A6105ECE7C9F313030B4E43F48013AA
:10E358000B25152456E7B8F1000FACD1BEF1000F1C
:10E36800054A73463FF73BAF15201646CFE600BF78
:10E37800FFFFEF7F0000F07FEDFBFFFF02FCFFFFD8
:10E38800201E0108E2FBFFFF2DE9F04F53EC102B94
:10E39800874923F000458D4291B0044640F28E80B3
:10E3A80084498D421E462AD8002E1046194676A367
:10E3B800D3E9002340F3A881F1F706FF7E4B9D4285
:10E3C80006460F4600F08B8071A3D3E90023F1F7CE
:10E3D800FBFE8046894642464B4630463946F1F7B1
:10E3E800F3FE6BA3D3E90023F1F7EEFEC4E900893D
:10E3F800C4E902010127384611B0BDE8F08F6F4922
:10E408008D4240F286806E498D425FD84FEA255A88
:10E41800AAF2164AA5EB0A51104690468946F2F729
:10E428003BFBF2F71FF802460B4640464946CDE94A
:10E438000A23F1F7C9FE634B0022F2F77DF88946FB
:10E448008046F2F729FBF2F70DF802460B464046E4
:10E458004946CDE90C23F1F7B7FE5A4B0022F2F7F3
:10E468006BF8CDE90E0110AF03254FF000084FF00F
:10E47800000977E9020142464B46AB46013DF2F7F7
:10E48800C3FA0028F5D1504B01930223009352465A
:10E498005B4621460AA800F093F9002E0746AADA3F
:10E4A8006168226801F10043E168C4E90023A268B9
:10E4B80001F10043C4E9022347429CE70020002100
:10E4C80084ED000BC4E90201002794E710461946C1
:10E4D800F1F77AFEC4E90201C4E90001F4E72EA3CA
:10E4E800D3E90023F1F770FE2DA3D3E900230646F4
:10E4F8000F46F1F769FE8046894642464B4630464C
:10E508003946F1F761FE26A3D3E90023F1F75CFE53
:10E518006CE700F04BF959EC108B23A3D3E90023E7
:10E5280040464946F2F708F8284B0022F1F74EFE1C
:10E53800F2F7B2FA0746F1F795FF02460B46CDE926
:10E54800042311A3D3E90023F1F7F6FF02460B4693
:10E5580040464946F1F738FE0DA3D3E90023824629
:10E568008B46DDE90401F1F7E7FF1F2FCDE9020132
:10E5780030DC174B7A1E53F82230AB422AD00246C1
:10E588000B469DE0AFF3008000004054FB21F93FAB
:10E598003163621A61B4D03D0000601A61B4D03DA5
:10E5A8007370032E8A19A33B83C8C96D305FE43F9B
:10E5B800FB21E93F7BD90240FB21F93FFB2139418F
:10E5C800FFFFEF7F00007041B01E01080000E03F30
:10E5D800301E0108DDE9022350465946F1F7F4FDE3
:10E5E8002B150793C1F30A53C3EB1553102B804621
:10E5F80089466BDD64A3D3E90023DDE90401F1F763
:10E608009BFF8046894642464B4650465946F1F79D
:10E61800DBFD02460B4650465946CDE90823924693
:10E628009B46F1F7D1FD42464B46F1F7CDFD58A385
:10E63800D3E9002380468946DDE90401F1F77CFF30
:10E6480042464B46F1F7C0FD02460B465046594636
:10E65800CDE90223F1F7B8FD079AC1F30A53D31A9B
:10E66800312B804689464CDD4CA3D3E90023DDE9F4
:10E678000401F1F761FF8046894642464B46504601
:10E688005946F1F7A1FD82468B4652465B46DDE9C5
:10E698000801F1F799FD42464B46F1F795FD41A374
:10E6A800D3E9002380468946DDE90401F1F744FFF8
:10E6B80042464B46F1F788FD02460B46CDE9022358
:10E6C80050465946F1F780FD8046894642464B46FA
:10E6D800C4E9008950465946F1F776FDDDE9022381
:10E6E800F1F772FD002EC4E90201BFF684AE09F10C
:10E6F8000043C4E9008301F10043C4E902037F42F7
:10E7080079E6DDE908ABE1E7F1F760FD224B9D42D0
:10E7180006460F4618D01AA3D3E90023F1F756FD91
:10E728008046894642464B4630463946F1F74CFD0D
:10E7380013A3D3E90023F1F749FDC4E90089C4E92B
:10E7480002014FF0FF3756E60FA3D3E90023F1F794
:10E758003DFD0FA3D3E9002306460F46F1F736FD2A
:10E768008046894642464B4630463946F1F72CFDED
:10E7780007A3D3E90023F1F729FDDEE7AFF3008013
:10E788003163621A61B4D03D0000601A61B4D03DB3
:10E798007370032E8A19A33BFB21F93F0000002E5A
:10E7A8008A19A33BC14920259A837B3951EC100B68
:10E7B800024621F0004343EC102B70470000000094
:10E7C8002DE9F04FADF5197D9C460B91BD4BA299F3
:10E7D800049053F82130059312F1140F0CF1FF3314
:10E7E8000393C0F2AD82B849D31E81FB0301DB1746
:10E7F800C3EBA10308930133A3EB8303DB00D61813
:10E80800089A039BD41A059AD7181DD40137DDF846
:10E818008CA2274420AD4FF000084FF00009E346D2
:10E8280008E05AF82400F1F71DFE0134BC42E5E87F
:10E83800020108D0002CF4DA013440464946BC42B3
:10E84800E5E80201F6D1DC46059B002BB8BF4FEA8C
:10E85800CC0738DB20AB03EBCC0A059BDDF80C902A
:10E86800029663444FEACC070093049BCDE906C7A0
:10E878000DF5E07B03EBCC084B46D9469B46039B42
:10E88800002BC0F2A281049E57460024002577E998
:10E898000223F6E80201F1F74FFE02460B46204636
:10E8A8002946F1F793FC464504460D46EFD1009BF7
:10E8B8000BF1010B9B45E9E802450AF1080ADED194
:10E8C800DDE906C7029E049B059A009203EB070B3D
:10E8D8000CAB03EB8203043B09930CAB03EB8207FD
:10E8E800CDF828C0009A98AB03EBC203002A53E97D
:10E8F80028454FEAC2082CDD0DF5E07AD0440DF129
:10E90800300902960697714B002220462946F1F7F6
:10E9180013FEF2F7C1F8F1F7A5FD6D4B002206468C
:10E928000F46F1F709FE02460B4620462946F1F745
:10E938004BFCF2F7B1F878E9022349F8040B3946A1
:10E948003046F1F743FCD04504460D46DBD1029E24
:10E95800069F45EC104B304600F04AFB55EC104B37
:10E9680000224FF07F5320462946F1F7E5FD41ECA0
:10E97800100BFFF709F9574B51EC100B0022F1F778
:10E98800DBFD02460B4620462946F1F71DFC0D46E5
:10E998000446F2F781F88246F1F764FD02460B4619
:10E9A80020462946F1F710FC002E8046894640F3A0
:10E9B8009380009B0CAA581EC6F1180352F8202019
:10E9C80042FA03F404FA03F3D21AC6F117010CABA6
:10E9D80042FA01F5002D43F82020A24400F3DC8020
:10E9E8000022002340464946F2F70EF8002800F0BE
:10E9F8005782009B059A93420CDD0CAA02EB830315
:10EA0800002253F8041DBB4242EA0102F9D1002A50
:10EA180040F0DE80059B0CAA013B52F82330002B06
:10EA280040F0CE80099A012352F8041D01330029D1
:10EA3800FAD0009A13440132914600990A98029339
:10EA48000144089802EB000A0AF1804AA3980AF1E7
:10EA5800FF3A00EB8A0A20A800EBC108CDE9066757
:10EA680070A901EBC20200925AF8040FF1F7FAFC00
:10EA7800039B002BE8E8020120DB049E47460024A4
:10EA8800002577E90223F6E80201F1F755FD024671
:10EA98000B4620462946F1F799FB5E4504460D468C
:10EAA800EFD1009BE3E802450093029B09F10109BD
:10EAB8009945D9DDDDE90667009313E700240025B1
:10EAC800EFE700BFF81F0108ABAAAA2A0000703EB2
:10EAD800000070410000204055D1009B0CAA013B6A
:10EAE80052F82350ED15002D7FF77AAF009B002BCD
:10EAF8000AF1010A40F343820CAB002253F8044B9D
:10EB0800002C3BD0C4F1807443F8044C6FF07F4074
:10EB1800009C03E01968411A43F8041B013294422F
:10EB2800F8DC0124002E0DDD012E3ED0022E09D185
:10EB3800009B5A1E0CAB0CA953F82230C3F31503E3
:10EB480041F82230022D7FF44BAF42464B469449A0
:10EB58000020F1F739FB80468946002C3FF440AF8E
:10EB680030469FED8D0B00F043FA4046494653EC82
:10EB7800102BF1F729FB8046894631E700990132CD
:10EB88009142BBDCCEE7874B0022F1F75BFF002800
:10EB980040F0C480054623E7009B002B0AF1010AD8
:10EBA800D8BF0024A8DC012EC0D1009B5A1E0CAB94
:10EBB8000CA953F82230C3F3160341F82230C1E7F9
:10EBC800009B5A1C9146134637E7002400256EE641
:10EBD800009A0CAB541ECDE9035A53F82430183E62
:10EBE8005BB902F18043013B0CAA02EB830353F8A3
:10EBF800042D013C183E002AF9D030469FED660BE3
:10EC080000F0F6F9002C57EC106BC0F2C48104F147
:10EC1800010A0CAB03EB8A054FEACA0270ABDFF8B6
:10EC2800889103EBCA0A4FF00008934655F8040D83
:10EC3800F1F718FC32463B46F1F77EFC4B466AE991
:10EC48000201424630463946F1F776FC0CAB9D424C
:10EC580006460F46EAD1ABF1080370A95A4601EB04
:10EC6800030A0DF590784FF00009CDE906424346B6
:10EC78005246A346CA46DDF81490CDF81480B9F17F
:10EC8800000FC0F28380DFF8248100931746002626
:10EC980000240025029201E0564510DCF7E8022323
:10ECA800F8E80201F1F748FC02460B4620462946DF
:10ECB800F1F78CFA0136B14504460D46ECDA009BB3
:10ECC800029A0BF1FF3BBBF1FF3FE3E802450AF173
:10ECD800010AA2F10802D2D1A29BDDF81480022B0E
:10ECE800DDE9064264DC002B2FDC10D108EB0204BE
:10ECF8000020002174E90223F1F768FA4445F9D1AC
:10ED0800039B002B40F037810B9BC3E90001049B58
:10ED180003F007000DF5197DBDE8F08F009B002B6F
:10ED28000AF1010AC8BF02253FF7E6AE42464B4644
:10ED38001B490020F1F748FA0225804689464FE62C
:10ED480000216FF01703089159E508EB020500262A
:10ED5800002775E9022330463946F1F737FA454569
:10ED680006460F46F5D13B46D5E900013246F1F794
:10ED78002BFA039B002B00F0E2800B9D07F1004368
:10ED8800C5E90063002C40F0DE80E7E000240025A0
:10ED980097E700BFAFF30080000000000000F03FDD
:10EDA8000000F03F0000E03F0000703EB81F01087F
:10EDB800A29B032BABD1002C00F0FD8008EBC4050F
:10EDC8004FEAC40AD5E90067CDE905A50095A9462B
:10EDD800029479E902453046394622462B46F1F736
:10EDE800F5F9B246BB4606460F4632463B46204634
:10EDF8002946F1F7E9F952465B46F1F7E7F9C145CB
:10EE0800C9E90201C9E90067E3D1029C012CDDE9E7
:10EE180005A500F0D080D5E90045009E08F1080B53
:10EE2800474676E902892046294642464B46CDE9BF
:10EE38000045F1F7CBF904460D4622462B464046DD
:10EE48004946F1F7C1F9DDE90023F1F7BFF9B34508
:10EE5800C6E90201C6E90045E3D10AF10804B8464B
:10EE68003C4407F110050020002174E90223F1F762
:10EE7800ADF9A542F9D1039BD8E90067D8E9024565
:10EE8800002B47D10B9BC3E90401C3E90067C3E921
:10EE98000245049B03F007000DF5197DBDE8F08FCE
:10EEA800704249EC108BCDE9035A00F0A1F855ECFB
:10EEB800104B4B4B002220462946F1F7C3FDF8B111
:10EEC800484B002220462946F1F736FBF1F7E4FDCE
:10EED8000746F1F7C7FA424B0022F1F72DFB02462D
:10EEE8000B4620462946F1F76FF9F1F7D5FD009B4F
:10EEF8000CAA5C1C42F82300183642F824707CE601
:10EF080020462946F1F7C8FD009B0CAA1C4642F88A
:10EF1800230072E632460B9E07F10043C6E9002340
:10EF280005F10043C6E9024301F10043C6E90403C1
:10EF3800049B03F007000DF5197DBDE8F08F0B9BCE
:10EF4800C3E900676CB14AAE0125F6E80223013532
:10EF5800F1F73CF9AC42F8DA039B13B101F1004335
:10EF680019460B9BC3E90201049B03F007000DF54A
:10EF7800197DBDE8F08F01F100431946C4E6022D62
:10EF88007FF42EAD02460B4600201749F1F71CF915
:10EF98008046894624E5A29B022B06DC002B0DDC6B
:10EFA8007FF4B5AE00200021AAE6A29B032B7FF4D4
:10EFB800AEAE0DF59078002000215CE7039BDDE9FB
:10EFC800480133B10B9C00224FF00043C4E90023F1
:10EFD800C4E70B9C00220023C4E90023C1E700BF5B
:10EFE800000070410000703E0000F03F000000008B
:10EFF80070B555EC104BC5F30A5206462B4672BB4A
:10F0080025F00043234329D03B4B204629460022C4
:10F01800F1F792FA394B9E4204460D4652DBC1F392
:10F028000A520B46363A4CF250318E4223DC1644D3
:10F0380040F2FE7296421EDC002E34DC16F1350FCB
:10F0480038DB6FF31E53363643EA065520462C4B01
:10F0580029460022F1F770FA41EC100B70BD40F21E
:10F06800FF718A42DFD1224620462946F1F7AEF8E1
:10F0780041EC100B70BD002D17A1D1E9000107DB91
:10F0880015A3D3E90023F1F757FA41EC100B70BD33
:10F0980013A1D1E9000110A3D3E90023F1F74CFA39
:10F0A80041EC100BF3E76FF31E5343EA065545ECAA
:10F0B800104B70BD002D0CA1D1E9000102DA0CA1A2
:10F0C800D1E9000108A3D3E90023F1F735FA41ECAF
:10F0D800100B70BDAFF300809C7500883CE4377E50
:10F0E8009C7500883CE437FE59F3F8C21F6EA501F1
:10F0F80059F3F8C21F6EA58100005043B03CFFFFD2
:10F108000000903C2DE9F047089D0E4604460F4646
:10F11800002B4AD194468C45B2FA82F260D942B1AA
:10F12800C2F12003974020FA03F30CFA02FC1F43B4
:10F1380094404FEA1C4E1FFA8CF6B7FBFEF1230CE5
:10F148000EFB117743EA074301FB06F098420AD900
:10F158001CEB030301F1FF3780F01581984240F260
:10F168001281023963441B1AA4B2B3FBFEF00EFBF2
:10F17800103344EA034400FB06F6A6420AD91CEB06
:10F18800040400F1FF3380F00081A64240F2FD80C4
:10F198006444023840EA0140A41B00211DB1D44058
:10F1A8000023C5E90043BDE8F0878B4205D90DB1BE
:10F1B800C5E9000100210846F5E7B3FA83F1002903
:10F1C80046D1B34202D3824200F2F580841A66EB3C
:10F1D800030201201746002DE5D0C5E90047E2E704
:10F1E800002A40F09380A1EB0C034FEA1C471FFA5A
:10F1F8008CFE0121B3FBF7F607FB1630230C43EA1C
:10F2080000430EFB06F0984208D91CEB030306F1F5
:10F21800FF3802D2984200F2D08046461B1AA4B2A8
:10F22800B3FBF7F007FB103344EA03440EFB00FE80
:10F23800A64508D91CEB040400F1FF3302D2A64509
:10F2480000F2B6801846A4EB0E0440EA0640A5E793
:10F25800C1F120078B4022FA07FC4CEA030C06FA9E
:10F2680001FE20FA07F426FA07F344EA0E0400FA2E
:10F2780001F84FEA1C404FEA1449B3FBF0FE1FFAAD
:10F288008CF600FB1E3349EA03430EFB06F9994549
:10F2980002FA01F20BD91CEB03030EF1FF3A80F0DE
:10F2A8008580994540F28280AEF1020E6344A3EB5B
:10F2B8000909A4B2B9FBF0F300FB139944EA094425
:10F2C80003FB06F6A64208D91CEB040403F1FF3041
:10F2D80068D2A64266D9023B644443EA0E40A41BA6
:10F2E800A0FB02E6B4427346B14652D34FD05DB19B
:10F2F800B8EB030264EB090404FA07F722FA01F3F6
:10F308001F43CC40C5E9007400214CE7C2F120013D
:10F3180020FA01F30CFA02FC26FA01F19640334375
:10F328004FEA1C471FFA8CFEB1FBF7F007FB1016DB
:10F33800190C41EA064100FB0EF68E4204FA02F46B
:10F3480008D91CEB010100F1FF382DD28E422BD9D0
:10F3580002386144891B9BB2B1FBF7F607FB161113
:10F3680043EA014306FB0EF1994208D91CEB03035B
:10F3780006F1FF3814D2994212D9023E63445B1A4F
:10F3880046EA004136E73946EDE6184602E7F04519
:10F39800ADD2BEEB020366EB0C060138B146A6E718
:10F3A8004646ECE7034698E74046D3E7D6467EE76D
:10F3B8006444023847E708460DE7023E63442DE7F8
:10F3C80002440346934200D1704703F8011BF9E752
:10F3D800014B1868704700BF4801002070B50D4DFB
:10F3E8000D4C641BA4100026A64209D10B4D0C4CF1
:10F3F80000F026F8641BA4100026A64205D170BDB3
:10F4080055F8043B98470136EEE755F8043B984712
:10F418000136F2E710200108102001081020010829
:10F42800142001080A44914200F1FF3300D17047CB
:10F4380010B511F8014B03F8014F9142F9D110BDF5
:10F44800F8B500BFF8BC08BC9E467047F8B500BFC9
:08F45800F8BC08BC9E46704799
:10F460006578746D6F6465496E69743A20696E766B
:10F47000616C6964206578746D6F6465496E666F50
:10F480000A0000006578746D6F6465496E69743AAE
:10F4900020696E76616C69642066696E616C54697E
:10F4A0006D65207661726961626C650A000000001A
:10F4B0000A2A2A7761726E696E673A20746865203D
:10F4C00073696D756C6174696F6E2077696C6C20FF
:10F4D00072756E2077697468206E6F2073746F7018
:10F4E0002074696D652064756520746F206578747B
:10F4F00065726E616C206D6F646520696E66696E01
:10F500006974652066696E616C2073696D756C61E4
:10F5100074696F6E2074696D652E0A006578746D6C
:10F520006F64654576656E74206572726F723A20FD
:10F53000696E76616C69642073696D756C6174695C
:10F540006F6E54696D652C206D7573742062652033
:10F550006E6F6E2D6E656761746976650A000000D6
:10F560006578746D6F64654576656E74206572723A
:10F570006F723A20696E76616C6964206576656E9B
:10F5800074496420282564292C206D7573742062C9
:10F5900065206C657373207468616E2025640A00B1
:10F5A0006578746D6F64654576656E7420657272FA
:10F5B0006F723A20636F64652025640A00000000C2
:10F5C0006578746D6F646547657446696E616C53E8
:10F5D000696D756C6174696F6E54696D653A206907
:10F5E0006E76616C69642066696E616C54696D65E4
:10F5F000207661726961626C650A00006578746DDD
:10F600006F646547657446696E616C53696D756CAE
:10F610006174696F6E54696D653A2066696E616CDC
:10F6200054696D65206E6F7420696E697469616CD0
:10F63000697A65640A0000006578746D6F646553CB
:10F64000657446696E616C53696D756C6174696F40
:10F650006E54696D653A20696E76616C69642066E6
:10F66000696E616C54696D652076616C75650A0020
:10F670006578746D6F64654765744576656E74541E
:10F68000726967676572456E61626C653A20696E82
:10F6900076616C6964206576656E74496420766174
:10F6A0006C75650A000000006578746D6F646547CD
:10F6B00065744576656E7454726967676572456EE8
:10F6C00061626C653A20696E76616C69642074725F
:10F6D0006967676572456E61626C65642076616C0E
:10F6E00075650A006578746D6F6465536574457659
:10F6F000656E7454726967676572456E61626C65A8
:10F700003A20696E76616C6964206576656E74492D
:10F71000642076616C75650A0000000078637045AE
:10F7200078744D6F6465496E69743A2078637054DB
:10F7300072616E73706F7274496E69742065727253
:10F740006F720A007863704578744D6F6465496E16
:10F7500069743A20786370496E6974206572726FBB
:10F76000723A20636F64652025640A0078637045EF
:10F7700078744D6F646552756E4261636B67726F2A
:10F78000756E643A207863705472616E73706F7234
:10F79000745278206572726F722C20636F646520DA
:10F7A00025640A007863704578744D6F64655275FE
:10F7B0006E4261636B67726F756E643A2078637036
:10F7C00052756E206572726F722C20636F646520B3
:10F7D00025640A007863704578744D6F64655275CE
:10F7E0006E4261636B67726F756E643A2078637006
:10F7F0005472616E73706F72745478206572726F98
:10F80000722C20636F64652025640A00786370524F
:10F8100065736574206572726F723A20636F6465F8
:10F820002025640A000000007863705472616E73D2
:10F83000706F72745265736574206572726F723A7C
:10F8400020636F64652025640A000000496E7661BC
:10F850006C6964206475726174696F6E2076616C86
:10F860007565202830292064657465637465642E8D
:10F870000A000000496E76616C6964205472696701
:10F8800067657220537461747573202575206465F3
:10F890007465637465640A004465746563746564C3
:10F8A00020617474656D707420746F2073656E646C
:10F8B000207061636B657420494420257848207767
:10F8C00068656E207468652058435020636F6E6EC3
:10F8D000656374696F6E20686173206E6F74206257
:10F8E00065656E2065737461626C69736865640A2E
:10F8F000000000005061636B65742049442020259E
:10F900007848206973206E6F7420737570706F7201
:10F9100074656420617420746865206D6F6D656E18
:10F92000740A000067656E657269634F757470755F
:10F93000745061636B657448616E646C65722065B8
:10F9400072726F723A20256420696E70757420633C
:10F950006F6465206973206E6F7420737570706FAB
:10F960007274656400000000786370496E69743ACF
:10F970002070726F746F636F6C206C617965722098
:10F98000616C726561647920696E697469616C6922
:10F990007A65640A0000000078637052756E3A2040
:10F9A00070726F746F636F6C206C61796572206E1A
:10F9B0006F7420696E697469616C697A65640A00A4
:10F9C00078637052756E3A206D697373696E672043
:10F9D000696E7075742068616E646C657220666F04
:10F9E00072207061636B657420494420257848005B
:10F9F0007863704576656E743A2070726F746F63C9
:10FA00006F6C206C61796572206E6F7420696E690D
:10FA10007469616C697A65640A00000078637045F6
:10FA200076656E744E6F74696669636174696F6E32
:10FA30005265713A20696E76616C696420657665FD
:10FA40006E7444617461206275666665720A0000B6
:10FA50007863704576656E744E6F7469666963612C
:10FA600074696F6E5265713A20696E76616C696473
:10FA7000206576656E744461746153697A650A0025
:10FA800078637052656D6F746553657276696365EE
:10FA90005265713A20696E76616C69642073657293
:10FAA000766963655265714461746120627566664A
:10FAB00065720A0078637052656D6F746553657284
:10FAC000766963655265713A20696E76616C696426
:10FAD0002073657276696365526571446174615320
:10FAE000697A650A00000000786370526573657476
:10FAF0003A2070726F746F636F6C206C61796572FD
:10FB000020616C72656164792072657365740A00A6
:10FB100072656164696E67206174206164647265F6
:10FB200073732025700A0000434F4E4E4543543AEC
:10FB300020444151206C697374732072657365743D
:10FB40002063616E6E6F74206265206361727269FA
:10FB50006564206F75742C20617320616E2065765A
:10FB6000656E74207761732070726F63657373655F
:10FB7000640A0000434F4E4E4543543A20696E7666
:10FB8000616C6964206D6F6465206465746563747D
:10FB90006564202578480A00434F4E4E4543543A49
:10FBA00020656E746572696E67205843505F434FDD
:10FBB0004E4E4543544544207374617475730A0076
:10FBC0002A205265736F757263653A2020202020C9
:10FBD00020202020202578480A0000002A20436F9A
:10FBE0006D6D204D6F64652042617369633A20201A
:10FBF000202578480A0000002A204D6178204354CF
:10FC00004F2073697A653A20202020202025640A3D
:10FC1000000000002A204D61782044544F20736971
:10FC20007A653A20202020202025640A0000000068
:10FC30002A2050726F746F636F6C205665727369FF
:10FC40006F6E3A202025640A000000002A205472BA
:10FC5000616E73706F72742056657273696F6E3A5D
:10FC60002025640A00000000444953434F4E4E458E
:10FC700043543A20444151206C6973747320726577
:10FC80007365742063616E6E6F74206265206361BA
:10FC90007272696564206F75742C20617320616EC7
:10FCA000206576656E74207761732070726F63656E
:10FCB000737365640A000000444953434F4E4E4538
:10FCC00043543A20656E746572696E6720584350DC
:10FCD0005F444953434F4E4E45435445442073744B
:10FCE000617475730A000000474554205354415411
:10FCF00055530A002A2053657373696F6E2053743D
:10FD0000617475733A20202020202020202020209C
:10FD10002020202578480A002A205265736F7572CA
:10FD200063652050726F74656374696F6E205374DD
:10FD3000617475733A20202578480A002A2053659B
:10FD40007373696F6E20436F6E6669672049643A0A
:10FD5000202020202020202020202025640A0000B0
:10FD600053594E43480A00005345545F4D54413A9D
:10FD700020696E76616C6964206164647265737376
:10FD80000A0000005345545F4D54413A2073657496
:10FD900074696E67204D54412076616C75652074DE
:10FDA0006F20257820616E6420657874656E7369B4
:10FDB0006F6E2025780A000055504C4F41443A2080
:10FDC000696E76616C6964206E756D626572206F14
:10FDD00066206461746120656C656D656E74732066
:10FDE000282564290A00000055504C4F41443A2010
:10FDF000696E76616C696420616464726573730A0C
:10FE00000000000055504C4F41443A2000000000D3
:10FE100055504C4F41443A20696E76616C696420BC
:10FE2000646174612064657465637465640A0000CC
:10FE300053484F52545F55504C4F41443A20696EDD
:10FE400076616C6964206E756D626572206F6620E4
:10FE50006461746120656C656D656E74732028251E
:10FE600064290A0053484F52545F55504C4F414447
:10FE70003A20696E76616C696420616464726573AE
:10FE8000730A000053484F52545F55504C4F414441
:10FE90003A20000053484F52545F55504C4F414454
:10FEA0003A20696E76616C696420646174612064D3
:10FEB000657465637465640A000000005345545F0F
:10FEC0004441515F5054523A204F445420656E745F
:10FED0007279206E6F7420617661696C61626C6505
:10FEE00020284441512025642C204F44542025646F
:10FEF0002C20456E747279202564290A00000000C8
:10FF00005345545F4441515F5054523A204441514B
:10FF1000206C697374202564206973206375727284
:10FF2000656E746C79206163746976650A000000FF
:10FF30005345545F4441515F5054523A20757064A8
:10FF40006174696E672063757272656E74204F44C8
:10FF50005420656E74727920706F696E74657220BA
:10FF6000746F204441512025642C204F4454202597
:10FF7000642C20456E7472792025640A000000000C
:10FF800057524954455F4441513A20637572726536
:10FF90006E74204F445420656E747279206E6F74B5
:10FFA00020617661696C61626C6520666F72207792
:10FFB00072697465206F7065726174696F6E732009
:10FFC000284441512025642C204F44542025642C82
:10FFD00020456E747279202564290A005843505FC9
:10FFE00057524954455F4441513A20444151206C95
:10FFF0006973742025642069732063757272656E5D
:020000040801F1
:10000000746C79206163746976650A005843505FA7
:1000100057524954455F4441513A20696E76616CAC
:10002000696420444151202564204F4454202564B4
:1000300020456E7472792025642076616C75653A6E
:10004000206269744F6666736574203D2025784888
:100050002073697A65203D2025642061646472659F
:100060007373457874656E73696F6E203D202564E7
:10007000482061646472657373203D202578480AC6
:10008000000000005843505F57524954455F4441B7
:10009000513A2077726974696E6720444151202576
:1000A00064204F445420256420456E7472792025C5
:1000B000643A206269744F6666736574203D20253A
:1000C00078482073697A65203D2025642061646446
:1000D00072657373457874656E73696F6E203D2029
:1000E0002564482061646472657373203D2025781F
:1000F000480A00005345545F4441515F4C495354F2
:100100005F4D4F44453A20444151206C697374203F
:100110002564206E6F7420617661696C61626C6524
:100120000A0000005345545F4441515F4C49535409
:100130005F4D4F44453A20444151206C697374200F
:1001400025642069732063757272656E746C792002
:100150006163746976650A005345545F4441515F99
:100160004C4953545F4D4F44453A20696E76616C5B
:100170006964206576656E74206368616E6E656C77
:100180002049642025640A005345545F4441515F6F
:100190004C4953545F4D4F44453A207072696F7219
:1001A000697479206E6F7420737570706F727465E6
:1001B000642C206D757374206265207A65726F0AF5
:1001C000000000005345545F4441515F4C49535473
:1001D0005F4D4F44453A20444151206C697374206F
:1001E0006D6F6465206E6F7420737570706F7274BC
:1001F0006564202578480A005345545F4441515FA7
:100200004C4953545F4D4F44453A207365747469AB
:100210006E6720444151206C6973742025643A2034
:100220006D6F6465203D202578482C206576656ECD
:10023000744964203D2025642C20707265736361CD
:100240006C6572203D2025642C207072696F726984
:100250007479203D2025640A000000005354415267
:10026000545F53544F505F4441515F4C4953543A8B
:1002700020444151206C697374202564206E6F7492
:1002800020617661696C61626C650A005354415269
:10029000545F53544F505F4441515F4C4953543A5B
:1002A00020696E76616C6964206D6F6465202564D9
:1002B0002073656C6563746564200A005354415271
:1002C000545F53544F505F4441515F4C4953543A2B
:1002D0002063616E6E6F742061737369676E205066
:1002E00049447320666F7220444151206C697374D5
:1002F000202564200A00000053544152545F535497
:100300004F505F4441515F4C4953543A20696E202D
:10031000444151206C697374202564207468652001
:100320004F445420656E74726965732073697A65F1
:10033000206973206C6172676572207468616E2039
:100340004D61782044544F2073697A6520666F723E
:10035000204F4454202564200A0000005354415289
:10036000545F53544F505F4441515F4C4953543A8A
:100370002073746F7070696E6720444151206C69FE
:1003800073742025640A000053544152545F53543F
:100390004F505F4441515F4C4953543A207374614C
:1003A0007274696E6720444151206C697374202512
:1003B000640A000053544152545F53544F505F44F9
:1003C00041515F4C4953543A2073656C65637465C1
:1003D0006420444151206C6973742025640A000034
:1003E00053544152545F53544F505F4441515F4CFA
:1003F0004953543A2063616E6E6F7420616C6C6F68
:1004000063617465207265736572766564206D65DD
:100410006D6F727920706F6F6C20666F72207468D8
:100420006520444151206C6973740A005354415251
:10043000545F53544F505F4441515F4C4953543AB9
:100440002063616E6E6F74206265206361727269F1
:100450006564206F757420617320616E2065766518
:100460006E74207761732070726F63657373656457
:100470000A00000053544152545F53544F505F538D
:10048000594E43483A20696E76616C6964206D6FFD
:1004900064652025642073656C6563746564200A57
:1004A0000000000053544152545F53544F505F5367
:1004B000594E43483A20444151206C69737473206B
:1004C0006E6F7420617661696C61626C650A000010
:1004D00053544152545F53544F505F53594E434805
:1004E0003A2073746F7070696E6720444151206CBC
:1004F0006973742025640A0053544152545F535465
:100500004F505F53594E43483A2073746172746977
:100510006E6720444151206C6973742025640A0081
:1005200053544152545F53544F505F53594E4348B4
:100530003A2063616E6E6F7420616C6C6F636174DE
:1005400065207265736572766564206D656D6F7286
:100550007920706F6F6C20666F722074686520441C
:100560004151206C6973742025640A005354415230
:10057000545F53544F505F53594E43483A20636180
:100580006E6E6F74206265206361727269656420AB
:100590006F757420617320616E206576656E7420BE
:1005A0007761732070726F6365737365640A00000E
:1005B000474554204441512050524F434553534FD7
:1005C0005220494E464F0A002A2044415120507281
:1005D0006F706572746965733A2020202025784811
:1005E0000A0000002A204D41585F4441513A202022
:1005F00020202020202020202025640A0000000048
:100600002A204D41585F4556454E545F4348414E60
:100610004E454C3A2025640A000000002A204D492E
:100620004E5F4441513A20202020202020202020CD
:100630002025640A000000002A20446171204B65D7
:100640007920427974653A2020202020202578489E
:100650000A00000047455420444151205245534F61
:100660004C5554494F4E20494E464F0A0000000059
:100670002A20444151204F445420456E7472792001
:1006800073697A65206772616E756C6172697479DD
:100690003A20202025640A002A204D617820444118
:1006A00051204F445420456E7472792073697A65E5
:1006B0003A202020202020202020202025640A000D
:1006C0002A205354494D204F445420456E7472796A
:1006D0002073697A65206772616E756C61726974E6
:1006E000793A202025640A002A204D61782053544D
:1006F000494D204F445420456E7472792073697AB5
:10070000653A2020202020202020202025640A0077
:100710002A2054696D657374616D70204D6F646536
:10072000203D2020202020202020202020202020AC
:10073000202020202578480A000000002A20546943
:100740006D657374616D70205469636B73203D2017
:100750002020202020202020202020202020202099
:1007600025640A00465245455F4441513A20636C76
:10077000656172696E67206578697374696E672058
:1007800064796E616D696320444151206C697374B2
:10079000730A0000465245455F4441513A20636167
:1007A0006E6E6F7420626520636172726965642089
:1007B0006F757420617320616E206576656E74209C
:1007C0007761732070726F6365737365640A0000EC
:1007D000414C4C4F435F4441513A207365717565FC
:1007E0006E6365206572726F7220646574656374F0
:1007F00065642C20444151206C6973747320616CD2
:10080000726561647920616C6C6F63617465640A00
:1008100000000000414C4C4F435F4441513A206975
:100820006E76616C6964206E756D626572206F66AC
:1008300020444151206C6973747320282564290A6F
:1008400000000000414C4C4F435F4441513A20614D
:100850006C6C6F636174696E67202564204441513C
:10086000206C697374732028256C752042290A0056
:10087000414C4C4F435F4441513A206E6F742065A8
:100880006E6F756768206D656D6F727920746F206B
:10089000616C6C6F63617465202564204441512054
:1008A0006C697374730A0000414C4C4F435F4F44B2
:1008B000543A2073657175656E6365206572726F59
:1008C000722064657465637465642C204441512012
:1008D0006C69737473206E6F7420616C6C6F6361EC
:1008E0007465640A00000000414C4C4F435F4F4464
:1008F000543A20444151206C697374206964202566
:1009000064206973206F7574206F662072616E6752
:10091000650A0000414C4C4F435F4F44543A2069F4
:100920006E76616C6964206E756D626572206F66AB
:10093000204F4454202825642920666F72204441AA
:1009400051206C6973742069642025640A000000DA
:10095000414C4C4F435F4F44543A20736571756569
:100960006E6365206572726F72206465746563746E
:1009700065642C204F445420616C72656164792059
:10098000616C6C6F63617465640A0000414C4C4F8C
:10099000435F4F44543A20616C6C6F636174696EBD
:1009A00067202564204F44547320696E20444151D0
:1009B000206C6973742025642028256C75204229D9
:1009C0000A000000414C4C4F435F4F44543A206EA4
:1009D0006F7420656E6F756768206D656D6F7279D5
:1009E00020746F20616C6C6F6361746520256420D6
:1009F0004F445420696E20444151206C6973742027
:100A000025640A00414C4C4F435F4F44545F454EB0
:100A10005452593A2073657175656E63652065722D
:100A2000726F722064657465637465642C20444140
:100A300051206C69737473206E6F7420616C6C6FDD
:100A400063617465640A0000414C4C4F435F4F443E
:100A5000545F454E5452593A20444151206C6973B9
:100A600074206964202564206973206F7574206F79
:100A7000662072616E67650A00000000414C4C4FB1
:100A8000435F4F44545F454E5452593A2073657149
:100A900075656E6365206572726F7220646574653A
:100AA000637465642C204F445473206E6F7420610E
:100AB0006C6C6F63617465640A000000414C4C4FBC
:100AC000435F4F44545F454E5452593A204F44546B
:100AD000206964202564206973206F7574206F6617
:100AE0002072616E67650A00414C4C4F435F4F4472
:100AF000545F454E5452593A2073657175656E6363
:100B000065206572726F72206465746563746564D4
:100B10002C204F445420456E747269657320616CBB
:100B2000726561647920616C6C6F63617465640ADD
:100B300000000000414C4C4F435F4F44545F454E12
:100B40005452593A20696E76616C6964206E756DF5
:100B5000626572206F66204F445420656E7472691E
:100B60006573202825642920666F72204F44542025
:100B7000256420696E20444151206C6973742025DE
:100B8000640A0000414C4C4F435F4F44545F454E54
:100B90005452593A20616C6C6F636174696E6720BE
:100BA0002564204F445420456E7472696573206932
:100BB0006E20444151206C697374202564204F4499
:100BC000542025642028256C752042290A00000045
:100BD000414C4C4F435F4F44545F454E5452593A39
:100BE000206E6F7420656E6F756768206D656D6F20
:100BF000727920746F20616C6C6F6361746520255D
:100C000064204F445420696E20444151206C697324
:100C100074202564204F44542025640A00000000FD
:100C20005345545F4441515F5041434B45445F4DF0
:100C30004F44453A2073657175656E636520657232
:100C4000726F722064657465637465642C2044411E
:100C500051206C69737473206E6F7420616C6C6FBB
:100C600063617465640A00005345545F4441515FF9
:100C70005041434B45445F4D4F44453A2044415118
:100C8000206C697374206964202564206973206F67
:100C90007574206F662072616E67650A000000003F
:100CA0005345545F4441515F5041434B45445F4D70
:100CB0004F44453A207061636B6564206D6F6465D5
:100CC000206973206E6F7420737570706F72746515
:100CD0006420666F7220444151206C6973742069EE
:100CE000642025642C2077697468206E6F207265FB
:100CF000736572766564206D656D6F727920706FB3
:100D00006F6C0A005345545F4441515F5041434B5F
:100D100045445F4D4F44453A204441512050616362
:100D20006B6564206D6F6465202564206973206E97
:100D30006F7420737570706F727465640A000000C0
:100D40005345545F4441515F5041434B45445F4DCF
:100D50004F44453A20444151205061636B65642003
:100D600074696D657374616D70206D6F64652025A5
:100D700064206973206E6F7420737570706F727465
:100D800065640A005345545F4441515F5041434BF1
:100D900045445F4D4F44453A2044415120506163E2
:100DA0006B65642073616D706C6520636F756E7424
:100DB000202564206973206E6F7420737570706FC6
:100DC000727465642E0A00005345545F4441515FBC
:100DD0005041434B45445F4D4F44453A2070616359
:100DE0006B6564206D6F646520636F6E66696775FF
:100DF000726174696F6E2063616E6E6F74206265DC
:100E0000206368616E676564206966207468652088
:100E10004441512069732072756E6E696E672E0AA7
:100E2000000000005345545F4441515F5041434B23
:100E300045445F4D4F44453A2073657474696E674D
:100E4000207061636B6564206D6F6465202564208C
:100E500074696D657374616D70206D6F64652025B4
:100E6000642073616D706C6520636F756E742025EE
:100E7000640A0000444151204C4556454C31204302
:100E80004F4D4D414E443A20636F6D6D616E64204D
:100E9000636F6465202564206973206E6F7420730E
:100EA0007570706F727465640A000000786370502A
:100EB000726F636573734461713A20696E76616C19
:100EC000696420646171496E646578007772697441
:100ED000696E672061742061646472657373202594
:100EE000700A0000444F574E4C4F41443A20696EFF
:100EF00076616C6964206E756D626572206F662024
:100F00006461746120656C656D656E74732028255D
:100F100064290A00444F574E4C4F41443A20696EB1
:100F200076616C696420616464726573730A0000A1
:100F3000444F574E4C4F41443A20000053484F52C3
:100F4000545F444F574E4C4F41443A20696E76618E
:100F50006C6964206E756D626572206F66206461D5
:100F6000746120656C656D656E7473202825642935
:100F70000A00000053484F52545F444F574E4C4FA5
:100F800041443A20696E76616C69642061646472E0
:100F90006573730A0000000053484F52545F444F7A
:100FA000574E4C4F41443A20000000007863705483
:100FB00072616E73706F7274496E69743A207472E4
:100FC000616E73706F7274206C6179657220616CF0
:100FD000726561647920696E697469616C697A65AA
:100FE000640A00007863705472616E73706F72747B
:100FF000496E69743A206572726F722028256429DF
:1010000020646574656374656420647572696E67D5
:10101000206D656D6F727920616C6C6F6361746FA8
:101020007220696E697469616C697A6174696F6E46
:101030000A0000007863705472616E73706F72748E
:10104000496E69743A206572726F7220282564298E
:1010500020646574656374656420647572696E6785
:1010600020616C6C6F636174696F6E206F662072B3
:1010700065736572766564206D656D6F7279207039
:101080006F6F6C0A000000007863705472616E73B9
:10109000706F7274496E69743A206572726F722053
:1010A000282564292064657465637465642064750B
:1010B00072696E67206672616D652068616E646C2E
:1010C000657220696E697469616C697A6174696FAF
:1010D0006E0A00007863705472616E73706F727480
:1010E00054785061636B65745365743A20696E7609
:1010F000616C6964207175657565547970650A0065
:101100007863705472616E73706F7274547850614A
:10111000636B65745365743A20696E76616C6964BB
:10112000206D73674275666665720A007863705455
:1011300072616E73706F727454785061636B657412
:101140005365743A20696E76616C696420706163DE
:101150006B6574206F66667365740A0078637054FB
:1011600072616E73706F727454785061636B6574E2
:101170005365743A20696E76616C696420706163AE
:101180006B65742073697A650A0000007863705497
:1011900072616E73706F727454785061636B6574B2
:1011A0005365743A20696E76616C6964206D73676B
:1011B00042756666657253697A650A007863705491
:1011C00072616E73706F727454785061636B657482
:1011D0005365743A207472616E73706F7274206C10
:1011E00061796572206E6F7420696E697469616CD3
:1011F000697A65640A0000007863705472616E73E6
:10120000706F727454785061636B65745365743A8F
:10121000207863704672616D654372656174654DD7
:101220007367206661696C757265206465746563B7
:1012300074656420282564290A00000078637054CE
:1012400072616E73706F727454783A207472616E4A
:1012500073706F7274206C61796572206E6F742088
:10126000696E697469616C697A65640A00000000DE
:101270007863705472616E73706F727452783A2032
:101280007472616E73706F7274206C617965722014
:101290006E6F7420696E697469616C697A65640A3D
:1012A000000000007863705472616E73706F727426
:1012B00052785061636B65744765743A20696E7645
:1012C000616C6964207175657565547970650A0093
:1012D0007863705472616E73706F7274527850617B
:1012E000636B65744765743A20696E76616C6964F6
:1012F000206D736742756666657220706F696E74E3
:1013000065720A007863705472616E73706F7274E4
:1013100052785061636B65744765743A20696E76E4
:10132000616C6964206D73674275666665725369A6
:101330007A6520706F696E7465720A007863705404
:1013400072616E73706F727452785061636B657402
:101350004765743A20696E76616C696420786370C1
:10136000506B744F666673657420706F696E746538
:10137000720A00007863705472616E73706F7274D9
:1013800052785061636B65744765743A20696E7674
:10139000616C696420786370506B7453697A65205E
:1013A000706F696E7465720A000000007863705493
:1013B00072616E73706F727452785061636B657492
:1013C0004765743A207472616E73706F7274206C2A
:1013D00061796572206E6F7420696E697469616CE1
:1013E000697A65640A0000007863705472616E73F4
:1013F000706F72744D736753697A653A20696E76BF
:10140000616C6964207863705061636B65745369C3
:101410007A650A007863705472616E73706F7274CB
:10142000526573746172743A206572726F7220280B
:10143000256429206465746563746564206475722D
:10144000696E67206672616D652068616E646C65A7
:101450007220726573746172740A0000786370544C
:1014600072616E73706F727452657365743A207432
:1014700072616E73706F7274206C61796572206135
:101480006C72656164792072657365740A0000008E
:101490007863705472616E73706F727452657365A5
:1014A000743A206572726F72202825642920646561
:1014B00074656374656420647572696E6720667212
:1014C000616D652068616E646C657220726573651C
:1014D000740A00007863705472616E73706F727476
:1014E00052657365743A206572726F7220282564A4
:1014F0002920646574656374656420647572696E1F
:1015000067206D656D6F727920616C6C6F636174BB
:101510006F722072657365740A0000007863704D05
:10152000656D467265653A20696E76616C69642006
:101530006F7220646F75626C652D667265656420DC
:10154000706F696E7465722025700A007863704D43
:10155000656D5265736572766564506F6F6C43722A
:10156000656174653A20696E76616C696420696EA4
:1015700070757420706172616D657465720A000027
:101580007863704D656D5265736572766564506FF2
:101590006F6C44657374726F793A20696E76616C12
:1015A000696420696E70757420706172616D657414
:1015B00065720A007863704D656D437573746F6D65
:1015C000506F6F6C4372656174653A20696E766125
:1015D0006C696420696E70757420706172616D65EC
:1015E0007465720A000000007863704D656D437584
:1015F00073746F6D506F6F6C44657374726F793A6A
:1016000020696E76616C696420706F6F6C49640A42
:10161000000000007863704472764F70656E3A2067
:101620005843502064726976657220616C726561FE
:10163000647920696E697469616C697A65640A000D
:101640007863704472764F70656E3A20756E616291
:101650006C6520746F206F70656E20636F6D6D75A3
:101660006E69636174696F6E206368616E6E656C2C
:101670000A000000786370447276496F63746C3AB4
:1016800020696E76616C696420636F6D6D616E6454
:101690000A00000078637044727653656E643A20E5
:1016A000696E76616C696420737263206275666628
:1016B00065720A0078637044727653656E643A20EE
:1016C000696E76616C69642073697A650A0000004E
:1016D00078637044727653656E643A2058435020A4
:1016E000647269766572206E6F7420696E697469C0
:1016F000616C697A65640A00786370447276526539
:1017000063763A20696E76616C6964207372632037
:101710006275666665720A00786370447276526517
:1017200063763A20696E76616C69642073697A65C4
:101730000A000000786370447276526563763A203E
:1017400058435020647269766572206E6F74206908
:101750006E697469616C697A65640A0078637044C3
:10176000727652656376556E6B6E6F776E53697ADB
:10177000653A20696E76616C6964206473742062D6
:1017800075666665720A0000786370447276526509
:101790006376556E6B6E6F776E53697A653A206922
:1017A0006E76616C69642073697A6520706F696E0A
:1017B0007465720A000000007863704472765265A6
:1017C0006376556E6B6E6F776E53697A653A2069F2
:1017D0006E76616C6964206D617853697A650A0080
:1017E00078637044727652656376556E6B6E6F7770
:1017F0006E53697A653A2058435020647269766561
:1018000072206E6F7420696E697469616C697A65A3
:10181000640A0000786370447276436C6F73653AB3
:10182000205843502064726976657220616C72653D
:1018300061647920636C6F7365640A007863704635
:1018400072616D65496E69743A206672616D6520DA
:1018500068616E646C657220616C72656164792088
:10186000696E697469616C697A65640A00000000D8
:101870007863704672616D654D736753656E643A47
:1018800020696E76616C6964206D73674275666667
:1018900065720A007863704672616D654D736753B7
:1018A000656E643A20696E76616C6964206D736759
:1018B00053697A650A0000007863704672616D654D
:1018C0004D736753656E643A206672616D6520687A
:1018D000616E646C6572206E6F7420696E697469E4
:1018E000616C697A65640A007863704672616D653F
:1018F0004D736753656E643A20696E76616C6964F6
:10190000206D65737361676520666F726D61742009
:1019100064657465637465640A00000078637046EA
:1019200072616D654D7367526563763A20696E76B4
:10193000616C6964206D73674275666665722070BC
:101940006F696E7465720A007863704672616D65C6
:101950004D7367526563763A20696E76616C69648F
:10196000206D736753697A6520706F696E74657254
:101970000A0000007863704672616D654D736752AE
:101980006563763A206672616D652068616E646C8D
:101990006572206E6F7420696E697469616C697A12
:1019A00065640A007863704672616D654D736752B5
:1019B0006563763A20696E76616C6964206D657343
:1019C0007361676520666F726D617420646574650C
:1019D000637465640A0000007863704672616D6527
:1019E0004D7367526563763A207265636569766503
:1019F0006420584350206865616465722C206275CC
:101A00007420584350207061636B657420697320A3
:101A10006E6F7420617661696C61626C65206F72B3
:101A2000207061636B65742073697A652069732027
:101A3000696E636F72726563740A00007863704642
:101A400072616D654D7367526563763A20726563A6
:101A500065697665642058435020686561646572E5
:101A600020616E6420584350207061636B65742C54
:101A70002062757420584350207461696C2069732A
:101A8000206E6F7420617661696C61626C65206F95
:101A900072207061636B65742073697A6520697365
:101AA00020696E636F72726563740A0078637046B2
:101AB00072616D654372656174654D73673A206943
:101AC0006E76616C6964206D73674672616D652026
:101AD0006275666665720A007863704672616D654C
:101AE0004372656174654D73673A20696E76616C07
:101AF0006964206D73674672616D6553697A65200C
:101B0000706F696E7465720A000000007863704639
:101B100072616D654372656174654D73673A2069E2
:101B20006E76616C6964207863705061636B657474
:101B300053697A650A0000007863704672616D65CA
:101B40004372656174654D73673A20696E76616CA6
:101B50006964206D73674672616D6542756666657E
:101B60007253697A650A00007863704672616D6528
:101B7000457874726163745061636B65743A20696F
:101B80006E76616C6964206D73674672616D650A7B
:101B9000000000007863704672616D65457874726C
:101BA0006163745061636B65743A20696E76616C31
:101BB0006964207863705061636B657453697A65FA
:101BC00020706F696E7465720A0000007863704659
:101BD00072616D65457874726163745061636B65A1
:101BE000743A20696E76616C6964206D7367467221
:101BF000616D6553697A650A00000000786370467C
:101C000072616D65457874726163745061636B6570
:101C1000743A206672616D652068616E646C6572ED
:101C2000206E6F7420696E697469616C697A65648D
:101C30000A0000007863704672616D6545787472C1
:101C40006163745061636B65743A205863702070EF
:101C500061636B65742068617320616E20696E76C4
:101C6000616C69642073697A650A00007863704664
:101C700072616D65457874726163745061636B6500
:101C8000743A20696E76616C696420636865636B81
:101C900073756D0A000000007863704672616D65AF
:101CA00052657365743A206672616D652068616E75
:101CB000646C657220616C72656164792072657311
:101CC00065740A007863704672616D65526573656C
:101CD000743A20786370447276436C6F7365206544
:101CE00072726F720A0000003803002001000000C9
:101CF000FF0000004D460008F1460008FE0000000D
:101D0000C547000871410008FD000000194800089F
:101D100041480008FC000000C1480008714100086B
:101D2000F60000000549000871410008F5000000B8
:101D30007D490008154A0008F4000000B14A000877
:101D4000554B0008DE000000C5550008B9590008D1
:101D5000DD000000155A000871410008DA0000009B
:101D60003D5D0008655D0008D9000000115E0008B7
:101D7000395E0008E2000000895100087141000846
:101D8000E10000006552000871410008E000000019
:101D9000FD53000871410008D6000000F15E000804
:101DA00071410008D50000004D5F00087141000836
:101DB000D4000000D960000871410008D300000081
:101DC0009962000871410008DC0000000965000804
:101DD00071410008C0000000496700087141000817
:101DE000F00000003972000871410008ED000000A9
:101DF000E972000871410008102840587088A0B8A6
:101E0000102840587088A0B80000000000000000B2
:101E10000102030406070809000000000102030490
:101E20000000000000000000000000000000008032
:101E3000FB21F93FFB2109407CD91240FB211940CD
:101E40007A6A1F407CD92240BBFD2540FB212940F6
:101E50003A462C407A6A2F405C4731407CD9324068
:101E60009C6B3440BBFD3540DB8F3740FB21394054
:101E70001BB43A403A463C405AD83D407A6A3F400B
:101E80004C7E40405C4741406C1042407CD942400F
:101E90008CA243409C6B4440AC344540BBFD454064
:101EA000CBC64640DB8F4740EB584840FB214940BA
:101EB00083F9A200444E6E00FC291500D15727007B
:101EC000DD34F50062DBC0003C9995004190430091
:101ED0006351FE00BBDEAB00B761C5003A6E240063
:101EE000D24D42004906E00009EA2E001C92D100C2
:101EF000EB1DFE0029B11C00E83EA700F53582006D
:101F000044BB2E009CE98400B4267000417E5F0033
:101F1000D6913900538339009CF439008B5F8400DB
:101F200028F9BD00F81F3B00DEFF97000F98050061
:101F3000112FEF000A5A8B006D1F6D00CF7E360007
:101F400009CB2700464FB7009E663F002DEA5F0091
:101F5000BA277500E5EBC7003D7BF100F7390700B4
:101F600092528A00FB6BEA001FB15F00085D8D0092
:101F7000300356007BFC4600F0AB6B0020BCCF006A
:101F800036F49A00E3A91D005E619100081BE6008B
:101F900085996500A0145F008D40680080D8FF001F
:101FA00027734D0006063100CA561500C9A87300F4
:101FB0007BE260006B8CC00000000040FB21F93F19
:101FC000000000002D44743E000000809846F83C5C
:101FD0000000006051CC783B00000080831BF0398A
:101FE0000000004020257A38000000802282E3367D
:101FF000000000001DF3693502000000030000002E
:082000000400000006000000CE
:0820080004D1FF7F010000007C
:042010006D0C00084B
:04201400450C00086F
:1020180000000000008056400000000000000000A2
:1020280000000000000049409A9999999999B93F90
:102038000000000000000000000000000000000098
:10204800399D52A246DF913F000000000000E03FAA
:102058000000000000000000000000000000000078
:1020680000000000000049400000000000000000DF
:102078000100000000000000000000000000000057
:102088000000000000000000666636400000C842FC
:102098000000C8450000C8420000C8450000803F55
:1020A800000000000000000000000000000000BF69
:1020B800CDCCCC3B00000000000000000000000078
:1020C800000000BF0000000000000000000000C089
:1020D800E803000001000000FFFFFFFFFFFFFFFF14
:1020E800FFFF00000000000000000000FFFFFFFFEE
:1020F80080000000A800000060000000010000004F
:102108000400000004000000FFFFFFFFFFFFFFFFC7
:102118000044004000600240000000000000000091
:10212800050000000003120000000000000000008D
:102138000000000000040000000000000000000093
:102148000000000000000000000000000000000087
:10215800010000000024F4004C01002000000000F1
:10216800181D0020801D0020E81D00200000000030
:102178000000000000000000000000000000000057
:102188000000000000000000000000000000000047
:102198000000000000000000000000000000000037
:0821A80000000000000000002F
:040000050800D9B95D
:00000001FF
